"Date (TU)","Valeur (en m³/s)","Statut","Qualification","Méthode","Continuité"
2021-01-01T00:00:00.000Z,"593","16",20,8,0
2021-01-02T00:00:00.000Z,"553","16",20,8,0
2021-01-03T00:00:00.000Z,"540","16",20,8,0
2021-01-04T00:00:00.000Z,"521","16",20,8,0
2021-01-05T00:00:00.000Z,"503","16",20,8,0
2021-01-06T00:00:00.000Z,"475","16",20,8,0
2021-01-07T00:00:00.000Z,"451","16",20,8,0
2021-01-08T00:00:00.000Z,"419","16",20,8,0
2021-01-09T00:00:00.000Z,"391","16",20,8,0
2021-01-10T00:00:00.000Z,"363","16",20,8,0
2021-01-11T00:00:00.000Z,"331","16",20,8,0
2021-01-12T00:00:00.000Z,"294","16",20,8,0
2021-01-13T00:00:00.000Z,"365","16",20,8,0
2021-01-14T00:00:00.000Z,"435","16",20,8,0
2021-01-15T00:00:00.000Z,"596","16",20,8,0
2021-01-16T00:00:00.000Z,"677","16",20,8,0
2021-01-17T00:00:00.000Z,"690","16",20,8,0
2021-01-18T00:00:00.000Z,"757","16",20,8,0
2021-01-19T00:00:00.000Z,"771","16",20,8,0
2021-01-20T00:00:00.000Z,"770","16",20,8,0
2021-01-21T00:00:00.000Z,"767","16",20,8,0
2021-01-22T00:00:00.000Z,"826","16",20,8,0
2021-01-23T00:00:00.000Z,"915","16",20,8,0
2021-01-24T00:00:00.000Z,"971","16",20,8,0
2021-01-25T00:00:00.000Z,"978","16",20,8,0
2021-01-26T00:00:00.000Z,"947","16",20,8,0
2021-01-27T00:00:00.000Z,"918","16",20,8,0
2021-01-28T00:00:00.000Z,"905","16",20,8,0
2021-01-29T00:00:00.000Z,"945","16",20,8,0
2021-01-30T00:00:00.000Z,"1050","16",20,8,0
2021-01-31T00:00:00.000Z,"1130","16",20,8,0
2021-02-01T00:00:00.000Z,"1200","16",20,8,0
2021-02-02T00:00:00.000Z,"1230","16",20,8,0
2021-02-03T00:00:00.000Z,"1250","16",20,8,0
2021-02-04T00:00:00.000Z,"1250","16",20,8,0
2021-02-05T00:00:00.000Z,"1250","16",20,8,0
2021-02-06T00:00:00.000Z,"1270","16",20,8,0
2021-02-07T00:00:00.000Z,"1300","16",20,8,0
2021-02-08T00:00:00.000Z,"1300","16",20,8,0
2021-02-09T00:00:00.000Z,"1300","16",20,8,0
2021-02-10T00:00:00.000Z,"1280","16",20,8,0
2021-02-11T00:00:00.000Z,"1230","16",20,8,0
2021-02-12T00:00:00.000Z,"1180","16",20,8,0
2021-02-13T00:00:00.000Z,"1130","16",20,8,0
2021-02-14T00:00:00.000Z,"1070","16",20,8,0
2021-02-15T00:00:00.000Z,"994","16",20,8,0
2021-02-16T00:00:00.000Z,"943","16",20,8,0
2021-02-17T00:00:00.000Z,"911","16",20,8,0
2021-02-18T00:00:00.000Z,"868","16",20,8,0
2021-02-19T00:00:00.000Z,"822","16",20,8,0
2021-02-20T00:00:00.000Z,"788","16",20,8,0
2021-02-21T00:00:00.000Z,"744","16",20,8,0
2021-02-22T00:00:00.000Z,"688","16",20,8,0
2021-02-23T00:00:00.000Z,"653","16",20,8,0
2021-02-24T00:00:00.000Z,"608","16",20,8,0
2021-02-25T00:00:00.000Z,"574","16",20,8,0
2021-02-26T00:00:00.000Z,"544","16",20,8,0
2021-02-27T00:00:00.000Z,"509","16",20,8,0
2021-02-28T00:00:00.000Z,"488","16",20,8,0
2021-03-01T00:00:00.000Z,"460","16",20,8,0
2021-03-02T00:00:00.000Z,"425","16",20,8,0
2021-03-03T00:00:00.000Z,"413","16",20,8,0
2021-03-04T00:00:00.000Z,"398","16",20,8,0
2021-03-05T00:00:00.000Z,"368","16",20,8,0
2021-03-06T00:00:00.000Z,"367","16",20,8,0
2021-03-07T00:00:00.000Z,"362","16",20,8,0
2021-03-08T00:00:00.000Z,"346","16",20,8,0
2021-03-09T00:00:00.000Z,"318","16",20,8,0
2021-03-10T00:00:00.000Z,"317","16",20,8,0
2021-03-11T00:00:00.000Z,"320","16",20,8,0
2021-03-12T00:00:00.000Z,"316","16",20,8,0
2021-03-13T00:00:00.000Z,"332","16",20,8,0
2021-03-14T00:00:00.000Z,"333","16",20,8,0
2021-03-15T00:00:00.000Z,"350","16",20,8,0
2021-03-16T00:00:00.000Z,"364","16",20,8,0
2021-03-17T00:00:00.000Z,"401","16",20,8,0
2021-03-18T00:00:00.000Z,"468","16",20,8,0
2021-03-19T00:00:00.000Z,"513","16",20,8,0
2021-03-20T00:00:00.000Z,"511","16",20,8,0
2021-03-21T00:00:00.000Z,"519","16",20,8,0
2021-03-22T00:00:00.000Z,"514","16",20,8,0
2021-03-23T00:00:00.000Z,"507","16",20,8,0
2021-03-24T00:00:00.000Z,"487","16",20,8,0
2021-03-25T00:00:00.000Z,"472","16",20,8,0
2021-03-26T00:00:00.000Z,"440","16",20,8,0
2021-03-27T00:00:00.000Z,"420","16",20,8,0
2021-03-28T00:00:00.000Z,"406","16",20,8,0
2021-03-29T00:00:00.000Z,"388","16",20,8,0
2021-03-30T00:00:00.000Z,"363","16",20,8,0
2021-03-31T00:00:00.000Z,"331","16",20,8,0
2021-04-01T00:00:00.000Z,"335","16",20,8,0
2021-04-02T00:00:00.000Z,"324","16",20,8,0
2021-04-03T00:00:00.000Z,"299","16",20,8,0
2021-04-04T00:00:00.000Z,"301","16",20,8,0
2021-04-05T00:00:00.000Z,"296","16",20,8,0
2021-04-06T00:00:00.000Z,"279","16",20,8,0
2021-04-07T00:00:00.000Z,"276","16",20,8,0
2021-04-08T00:00:00.000Z,"267","16",20,8,0
2021-04-09T00:00:00.000Z,"250","16",20,8,0
2021-04-10T00:00:00.000Z,"287","16",20,8,0
2021-04-11T00:00:00.000Z,"296","16",20,8,0
2021-04-12T00:00:00.000Z,"294","16",20,8,0
2021-04-13T00:00:00.000Z,"288","16",20,8,0
2021-04-14T00:00:00.000Z,"285","16",20,8,0
2021-04-15T00:00:00.000Z,"275","16",20,8,0
2021-04-16T00:00:00.000Z,"256","16",20,8,0
2021-04-17T00:00:00.000Z,"248","16",20,8,0
2021-04-18T00:00:00.000Z,"242","16",20,8,0
2021-04-19T00:00:00.000Z,"238","16",20,8,0
2021-04-20T00:00:00.000Z,"211","16",20,8,0
2021-04-21T00:00:00.000Z,"216","16",20,8,0
2021-04-22T00:00:00.000Z,"215","16",20,8,0
2021-04-23T00:00:00.000Z,"193","16",20,8,0
2021-04-24T00:00:00.000Z,"202","16",20,8,0
2021-04-25T00:00:00.000Z,"197","16",20,8,0
2021-04-26T00:00:00.000Z,"195","16",20,8,0
2021-04-27T00:00:00.000Z,"181","16",20,8,0
2021-04-28T00:00:00.000Z,"183","16",20,8,0
2021-04-29T00:00:00.000Z,"199","16",20,8,0
2021-04-30T00:00:00.000Z,"182","16",20,8,0
2021-05-01T00:00:00.000Z,"188","16",20,8,0
2021-05-02T00:00:00.000Z,"186","16",20,8,0
2021-05-03T00:00:00.000Z,"176","16",20,8,0
2021-05-04T00:00:00.000Z,"188","16",20,8,0
2021-05-05T00:00:00.000Z,"174","16",20,8,0
2021-05-06T00:00:00.000Z,"188","16",20,8,0
2021-05-07T00:00:00.000Z,"218","16",20,8,0
2021-05-08T00:00:00.000Z,"229","16",20,8,0
2021-05-09T00:00:00.000Z,"224","16",20,8,0
2021-05-10T00:00:00.000Z,"223","16",20,8,0
2021-05-11T00:00:00.000Z,"215","16",20,8,0
2021-05-12T00:00:00.000Z,"215","16",20,8,0
2021-05-13T00:00:00.000Z,"224","16",20,8,0
2021-05-14T00:00:00.000Z,"230","16",20,8,0
2021-05-15T00:00:00.000Z,"229","16",20,8,0
2021-05-16T00:00:00.000Z,"240","16",20,8,0
2021-05-17T00:00:00.000Z,"259","16",20,8,0
2021-05-18T00:00:00.000Z,"264","16",20,8,0
2021-05-19T00:00:00.000Z,"271","16",20,8,0
2021-05-20T00:00:00.000Z,"277","16",20,8,0
2021-05-21T00:00:00.000Z,"304","16",20,8,0
2021-05-22T00:00:00.000Z,"307","16",20,8,0
2021-05-23T00:00:00.000Z,"297","16",20,8,0
2021-05-24T00:00:00.000Z,"292","16",20,8,0
2021-05-25T00:00:00.000Z,"282","16",20,8,0
2021-05-26T00:00:00.000Z,"294","16",20,8,0
2021-05-27T00:00:00.000Z,"274","16",20,8,0
2021-05-28T00:00:00.000Z,"275","16",20,8,0
2021-05-29T00:00:00.000Z,"275","16",20,8,0
2021-05-30T00:00:00.000Z,"259","16",20,8,0
2021-05-31T00:00:00.000Z,"242","16",20,8,0
2021-06-01T00:00:00.000Z,"232","16",20,8,0
2021-06-02T00:00:00.000Z,"215","16",20,8,0
2021-06-03T00:00:00.000Z,"237","16",20,8,0
2021-06-04T00:00:00.000Z,"278","16",20,8,0
2021-06-05T00:00:00.000Z,"249","16",20,8,0
2021-06-06T00:00:00.000Z,"304","16",20,8,0
2021-06-07T00:00:00.000Z,"302","16",20,8,0
2021-06-08T00:00:00.000Z,"303","16",20,8,0
2021-06-09T00:00:00.000Z,"271","16",20,8,0
2021-06-10T00:00:00.000Z,"274","16",20,8,0
2021-06-11T00:00:00.000Z,"253","16",20,8,0
2021-06-12T00:00:00.000Z,"228","16",20,8,0
2021-06-13T00:00:00.000Z,"226","16",20,8,0
2021-06-14T00:00:00.000Z,"212","16",20,8,0
2021-06-15T00:00:00.000Z,"188","16",20,8,0
2021-06-16T00:00:00.000Z,"189","16",20,8,0
2021-06-17T00:00:00.000Z,"196","16",20,8,0
2021-06-18T00:00:00.000Z,"206","16",20,8,0
2021-06-19T00:00:00.000Z,"232","16",20,8,0
2021-06-20T00:00:00.000Z,"261","16",20,8,0
2021-06-21T00:00:00.000Z,"234","16",20,8,0
2021-06-22T00:00:00.000Z,"236","16",20,8,0
2021-06-23T00:00:00.000Z,"214","16",20,8,0
2021-06-24T00:00:00.000Z,"187","16",20,8,0
2021-06-25T00:00:00.000Z,"195","16",20,8,0
2021-06-26T00:00:00.000Z,"211","16",20,8,0
2021-06-27T00:00:00.000Z,"199","16",20,8,0
2021-06-28T00:00:00.000Z,"220","16",20,8,0
2021-06-29T00:00:00.000Z,"223","16",20,8,0
2021-06-30T00:00:00.000Z,"231","16",20,8,0
2021-07-01T00:00:00.000Z,"233","16",20,8,0
2021-07-02T00:00:00.000Z,"226","16",20,8,0
2021-07-03T00:00:00.000Z,"206","16",20,8,0
2021-07-04T00:00:00.000Z,"228","16",20,8,0
2021-07-05T00:00:00.000Z,"247","16",20,8,0
2021-07-06T00:00:00.000Z,"237","16",20,8,0
2021-07-07T00:00:00.000Z,"209","16",20,8,0
2021-07-08T00:00:00.000Z,"206","16",20,8,0
2021-07-09T00:00:00.000Z,"210","16",20,8,0
2021-07-10T00:00:00.000Z,"205","16",20,8,0
2021-07-11T00:00:00.000Z,"204","16",20,8,0
2021-07-12T00:00:00.000Z,"226","16",20,8,0
2021-07-13T00:00:00.000Z,"307","16",20,8,0
2021-07-14T00:00:00.000Z,"450","16",20,8,0
2021-07-15T00:00:00.000Z,"450","16",20,8,0
2021-07-16T00:00:00.000Z,"364","16",20,8,0
2021-07-17T00:00:00.000Z,"444","16",20,8,0
2021-07-18T00:00:00.000Z,"490","16",20,8,0
2021-07-19T00:00:00.000Z,"481","16",20,8,0
2021-07-20T00:00:00.000Z,"439","16",20,8,0
2021-07-21T00:00:00.000Z,"471","16",20,8,0
2021-07-22T00:00:00.000Z,"446","16",20,8,0
2021-07-23T00:00:00.000Z,"452","16",20,8,0
2021-07-24T00:00:00.000Z,"452","16",20,8,0
2021-07-25T00:00:00.000Z,"476","16",20,8,0
2021-07-26T00:00:00.000Z,"537","16",20,8,0
2021-07-27T00:00:00.000Z,"534","16",20,8,0
2021-07-28T00:00:00.000Z,"468","16",20,8,0
2021-07-29T00:00:00.000Z,"405","16",20,8,0
2021-07-30T00:00:00.000Z,"385","16",20,8,0
2021-07-31T00:00:00.000Z,"364","16",20,8,0
2021-08-01T00:00:00.000Z,"335","16",20,8,0
2021-08-02T00:00:00.000Z,"314","16",20,8,0
2021-08-03T00:00:00.000Z,"330","16",20,8,0
2021-08-04T00:00:00.000Z,"311","16",20,8,0
2021-08-05T00:00:00.000Z,"303","16",20,8,0
2021-08-06T00:00:00.000Z,"311","16",20,8,0
2021-08-07T00:00:00.000Z,"318","16",20,8,0
2021-08-08T00:00:00.000Z,"314","16",20,8,0
2021-08-09T00:00:00.000Z,"308","16",20,8,0
2021-08-10T00:00:00.000Z,"305","16",20,8,0
2021-08-11T00:00:00.000Z,"303","16",20,8,0
2021-08-12T00:00:00.000Z,"289","16",20,8,0
2021-08-13T00:00:00.000Z,"277","16",20,8,0
2021-08-14T00:00:00.000Z,"251","16",20,8,0
2021-08-15T00:00:00.000Z,"254","16",20,8,0
2021-08-16T00:00:00.000Z,"255","16",20,8,0
2021-08-17T00:00:00.000Z,"247","16",20,8,0
2021-08-18T00:00:00.000Z,"224","16",20,8,0
2021-08-19T00:00:00.000Z,"241","16",20,8,0
2021-08-20T00:00:00.000Z,"229","16",20,8,0
2021-08-21T00:00:00.000Z,"222","16",20,8,0
2021-08-22T00:00:00.000Z,"228","16",20,8,0
2021-08-23T00:00:00.000Z,"236","16",20,8,0
2021-08-24T00:00:00.000Z,"223","16",20,8,0
2021-08-25T00:00:00.000Z,"222","16",20,8,0
2021-08-26T00:00:00.000Z,"222","16",20,8,0
2021-08-27T00:00:00.000Z,"222","16",20,8,0
2021-08-28T00:00:00.000Z,"202","16",20,8,0
2021-08-29T00:00:00.000Z,"210","16",20,8,0
2021-08-30T00:00:00.000Z,"206","16",20,8,0
2021-08-31T00:00:00.000Z,"208","16",20,8,0
2021-09-01T00:00:00.000Z,"201","16",20,8,0
2021-09-02T00:00:00.000Z,"203","16",20,8,0
2021-09-03T00:00:00.000Z,"198","16",20,8,0
2021-09-04T00:00:00.000Z,"199","16",20,8,0
2021-09-05T00:00:00.000Z,"193","16",20,8,0
2021-09-06T00:00:00.000Z,"196","16",20,8,0
2021-09-07T00:00:00.000Z,"183","16",20,8,0
2021-09-08T00:00:00.000Z,"183","16",20,8,0
2021-09-09T00:00:00.000Z,"197","16",20,8,0
2021-09-10T00:00:00.000Z,"199","16",20,8,0
2021-09-11T00:00:00.000Z,"202","16",20,8,0
2021-09-12T00:00:00.000Z,"194","16",20,8,0
2021-09-13T00:00:00.000Z,"192","16",20,8,0
2021-09-14T00:00:00.000Z,"231","16",20,8,0
2021-09-15T00:00:00.000Z,"239","16",20,8,0
2021-09-16T00:00:00.000Z,"233","16",20,8,0
2021-09-17T00:00:00.000Z,"209","16",20,8,0
2021-09-18T00:00:00.000Z,"195","16",20,8,0
2021-09-19T00:00:00.000Z,"188","16",20,8,0
2021-09-20T00:00:00.000Z,"231","16",20,8,0
2021-09-21T00:00:00.000Z,"240","16",20,8,0
2021-09-22T00:00:00.000Z,"214","16",20,8,0
2021-09-23T00:00:00.000Z,"209","16",20,8,0
2021-09-24T00:00:00.000Z,"197","16",20,8,0
2021-09-25T00:00:00.000Z,"191","16",20,8,0
2021-09-26T00:00:00.000Z,"204","16",20,8,0
2021-09-27T00:00:00.000Z,"197","16",20,8,0
2021-09-28T00:00:00.000Z,"196","16",20,8,0
2021-09-29T00:00:00.000Z,"192","16",20,8,0
2021-09-30T00:00:00.000Z,"186","16",20,8,0
2021-10-01T00:00:00.000Z,"188","16",20,8,0
2021-10-02T00:00:00.000Z,"193","16",20,8,0
2021-10-03T00:00:00.000Z,"230","16",20,8,0
2021-10-04T00:00:00.000Z,"220","16",20,8,0
2021-10-05T00:00:00.000Z,"223","16",20,8,0
2021-10-06T00:00:00.000Z,"191","16",20,8,0
2021-10-07T00:00:00.000Z,"209","16",20,8,0
2021-10-08T00:00:00.000Z,"194","16",20,8,0
2021-10-09T00:00:00.000Z,"193","16",20,8,0
2021-10-10T00:00:00.000Z,"187","16",20,8,0
2021-10-11T00:00:00.000Z,"218","16",20,8,0
2021-10-12T00:00:00.000Z,"204","16",20,8,0
2021-10-13T00:00:00.000Z,"183","16",20,8,0
2021-10-14T00:00:00.000Z,"174","16",20,8,0
2021-10-15T00:00:00.000Z,"181","16",20,8,0
2021-10-16T00:00:00.000Z,"190","16",20,8,0
2021-10-17T00:00:00.000Z,"171","16",20,8,0
2021-10-18T00:00:00.000Z,"170","16",20,8,0
2021-10-19T00:00:00.000Z,"176","16",20,8,0
2021-10-20T00:00:00.000Z,"177","16",20,8,0
2021-10-21T00:00:00.000Z,"177","16",20,8,0
2021-10-22T00:00:00.000Z,"181","16",20,8,0
2021-10-23T00:00:00.000Z,"181","16",20,8,0
2021-10-24T00:00:00.000Z,"176","16",20,8,0
2021-10-25T00:00:00.000Z,"184","16",20,8,0
2021-10-26T00:00:00.000Z,"191","16",20,8,0
2021-10-27T00:00:00.000Z,"177","16",20,8,0
2021-10-28T00:00:00.000Z,"174","16",20,8,0
2021-10-29T00:00:00.000Z,"188","16",20,8,0
2021-10-30T00:00:00.000Z,"232","16",20,8,0
2021-10-31T00:00:00.000Z,"205","16",20,8,0
2021-11-01T00:00:00.000Z,"211","16",20,8,0
2021-11-02T00:00:00.000Z,"221","16",20,8,0
2021-11-03T00:00:00.000Z,"248","16",20,8,0
2021-11-04T00:00:00.000Z,"270","16",20,8,0
2021-11-05T00:00:00.000Z,"263","16",20,8,0
2021-11-06T00:00:00.000Z,"254","16",20,8,0
2021-11-07T00:00:00.000Z,"249","16",20,8,0
2021-11-08T00:00:00.000Z,"246","16",20,8,0
2021-11-09T00:00:00.000Z,"233","16",20,8,0
2021-11-10T00:00:00.000Z,"212","16",20,8,0
2021-11-11T00:00:00.000Z,"213","16",20,8,0
2021-11-12T00:00:00.000Z,"186","16",20,8,0
2021-11-13T00:00:00.000Z,"189","16",20,8,0
2021-11-14T00:00:00.000Z,"171","16",20,8,0
2021-11-15T00:00:00.000Z,"159","16",20,8,0
2021-11-16T00:00:00.000Z,"163","16",20,8,0
2021-11-17T00:00:00.000Z,"153","16",20,8,0
2021-11-18T00:00:00.000Z,"153","16",20,8,0
2021-11-19T00:00:00.000Z,"157","16",20,8,0
2021-11-20T00:00:00.000Z,"148","16",20,8,0
2021-11-21T00:00:00.000Z,"143","16",20,8,0
2021-11-22T00:00:00.000Z,"135","16",20,8,0
2021-11-23T00:00:00.000Z,"143","16",20,8,0
2021-11-24T00:00:00.000Z,"137","16",20,8,0
2021-11-25T00:00:00.000Z,"139","16",20,8,0
2021-11-26T00:00:00.000Z,"141","16",20,8,0
2021-11-27T00:00:00.000Z,"154","16",20,8,0
2021-11-28T00:00:00.000Z,"169","16",20,8,0
2021-11-29T00:00:00.000Z,"157","16",20,8,0
2021-11-30T00:00:00.000Z,"152","16",20,8,0
2021-12-01T00:00:00.000Z,"213","16",20,8,0
2021-12-02T00:00:00.000Z,"193","16",20,8,0
2021-12-03T00:00:00.000Z,"230","16",20,8,0
2021-12-04T00:00:00.000Z,"287","16",20,8,0
2021-12-05T00:00:00.000Z,"417","16",20,8,0
2021-12-06T00:00:00.000Z,"493","16",20,8,0
2021-12-07T00:00:00.000Z,"511","16",20,8,0
2021-12-08T00:00:00.000Z,"547","16",20,8,0
2021-12-09T00:00:00.000Z,"521","16",20,8,0
2021-12-10T00:00:00.000Z,"555","16",20,8,0
2021-12-11T00:00:00.000Z,"561","16",20,8,0
2021-12-12T00:00:00.000Z,"560","16",20,8,0
2021-12-13T00:00:00.000Z,"518","16",20,8,0
2021-12-14T00:00:00.000Z,"485","16",20,8,0
2021-12-15T00:00:00.000Z,"468","16",20,8,0
2021-12-16T00:00:00.000Z,"444","16",20,8,0
2021-12-17T00:00:00.000Z,"407","16",20,8,0
2021-12-18T00:00:00.000Z,"393","16",20,8,0
2021-12-19T00:00:00.000Z,"354","16",20,8,0
2021-12-20T00:00:00.000Z,"340","16",20,8,0
2021-12-21T00:00:00.000Z,"303","16",20,8,0
2021-12-22T00:00:00.000Z,"294","16",20,8,0
2021-12-23T00:00:00.000Z,"283","16",20,8,0
2021-12-24T00:00:00.000Z,"265","16",20,8,0
2021-12-25T00:00:00.000Z,"286","16",20,8,0
2021-12-26T00:00:00.000Z,"300","16",20,8,0
2021-12-27T00:00:00.000Z,"341","16",20,8,0
2021-12-28T00:00:00.000Z,"440","16",20,8,0
2021-12-29T00:00:00.000Z,"542","16",20,8,0
2021-12-30T00:00:00.000Z,"637","16",20,8,0
2021-12-31T00:00:00.000Z,"691","16",20,8,0
2022-01-01T00:00:00.000Z,"681","16",20,8,0
2022-01-02T00:00:00.000Z,"613","16",20,8,0
2022-01-03T00:00:00.000Z,"600","16",20,8,0
2022-01-04T00:00:00.000Z,"675","16",20,8,0
2022-01-05T00:00:00.000Z,"791","16",20,8,0
2022-01-06T00:00:00.000Z,"816","16",20,8,0
2022-01-07T00:00:00.000Z,"726","16",20,8,0
2022-01-08T00:00:00.000Z,"685","16",20,8,0
2022-01-09T00:00:00.000Z,"798","16",20,8,0
2022-01-10T00:00:00.000Z,"941","16",20,8,0
2022-01-11T00:00:00.000Z,"964","16",20,8,0
2022-01-12T00:00:00.000Z,"923","16",20,8,0
2022-01-13T00:00:00.000Z,"825","16",20,8,0
2022-01-14T00:00:00.000Z,"782","16",20,8,0
2022-01-15T00:00:00.000Z,"766","16",20,8,0
2022-01-16T00:00:00.000Z,"754","16",20,8,0
2022-01-17T00:00:00.000Z,"722","16",20,8,0
2022-01-18T00:00:00.000Z,"683","16",20,8,0
2022-01-19T00:00:00.000Z,"634","16",20,8,0
2022-01-20T00:00:00.000Z,"570","16",20,8,0
2022-01-21T00:00:00.000Z,"517","16",20,8,0
2022-01-22T00:00:00.000Z,"492","16",20,8,0
2022-01-23T00:00:00.000Z,"487","16",20,8,0
2022-01-24T00:00:00.000Z,"451","16",20,8,0
2022-01-25T00:00:00.000Z,"385","16",20,8,0
2022-01-26T00:00:00.000Z,"372","16",20,8,0
2022-01-27T00:00:00.000Z,"341","16",20,10,0
2022-01-28T00:00:00.000Z,"319","16",20,10,0
2022-01-29T00:00:00.000Z,"311","16",20,10,0
2022-01-30T00:00:00.000Z,"308","16",20,10,0
2022-01-31T00:00:00.000Z,"298","16",20,10,0
2022-02-01T00:00:00.000Z,"294","16",20,10,0
2022-02-02T00:00:00.000Z,"289","16",20,10,0
2022-02-03T00:00:00.000Z,"284","16",20,10,0
2022-02-04T00:00:00.000Z,"290","16",20,10,0
2022-02-05T00:00:00.000Z,"289","16",20,10,0
2022-02-06T00:00:00.000Z,"294","16",20,10,0
2022-02-07T00:00:00.000Z,"327","16",20,10,0
2022-02-08T00:00:00.000Z,"340","16",20,10,0
2022-02-09T00:00:00.000Z,"339","16",20,10,0
2022-02-10T00:00:00.000Z,"345","16",20,10,0
2022-02-11T00:00:00.000Z,"346","16",20,10,0
2022-02-12T00:00:00.000Z,"339","16",20,10,0
2022-02-13T00:00:00.000Z,"332","16",20,10,0
2022-02-14T00:00:00.000Z,"330","16",20,10,0
2022-02-15T00:00:00.000Z,"321","16",20,10,0
2022-02-16T00:00:00.000Z,"328","16",20,10,0
2022-02-17T00:00:00.000Z,"368","16",20,10,0
2022-02-18T00:00:00.000Z,"414","16",20,10,0
2022-02-19T00:00:00.000Z,"401","16",20,10,0
2022-02-20T00:00:00.000Z,"387","16",20,10,0
2022-02-21T00:00:00.000Z,"388","16",20,10,0
2022-02-22T00:00:00.000Z,"381","16",20,10,0
2022-02-23T00:00:00.000Z,"375","16",20,10,0
2022-02-24T00:00:00.000Z,"367","16",20,10,0
2022-02-25T00:00:00.000Z,"367","16",20,10,0
2022-02-26T00:00:00.000Z,"365","16",20,10,0
2022-02-27T00:00:00.000Z,"344","16",20,10,0
2022-02-28T00:00:00.000Z,"339","16",20,10,0
2022-03-01T00:00:00.000Z,"321","16",20,10,0
2022-03-02T00:00:00.000Z,"310","16",20,10,0
2022-03-03T00:00:00.000Z,"310","16",20,10,0
2022-03-04T00:00:00.000Z,"310","16",20,10,0
2022-03-05T00:00:00.000Z,"302","16",20,10,0
2022-03-06T00:00:00.000Z,"299","16",20,10,0
2022-03-07T00:00:00.000Z,"289","16",20,10,0
2022-03-08T00:00:00.000Z,"267","16",20,10,0
2022-03-09T00:00:00.000Z,"260","16",20,10,0
2022-03-10T00:00:00.000Z,"246","16",20,10,0
2022-03-11T00:00:00.000Z,"255","16",20,10,0
2022-03-12T00:00:00.000Z,"241","16",20,10,0
2022-03-13T00:00:00.000Z,"241","16",20,10,0
2022-03-14T00:00:00.000Z,"232","16",20,10,0
2022-03-15T00:00:00.000Z,"240","16",20,10,0
2022-03-16T00:00:00.000Z,"251","16",20,10,0
2022-03-17T00:00:00.000Z,"253","16",20,10,0
2022-03-18T00:00:00.000Z,"243","16",20,10,0
2022-03-19T00:00:00.000Z,"220","16",20,10,0
2022-03-20T00:00:00.000Z,"222","16",20,10,0
2022-03-21T00:00:00.000Z,"215","16",20,10,0
2022-03-22T00:00:00.000Z,"210","16",20,10,0
2022-03-23T00:00:00.000Z,"204","16",20,10,0
2022-03-24T00:00:00.000Z,"205","16",20,10,0
2022-03-25T00:00:00.000Z,"194","16",20,10,0
2022-03-26T00:00:00.000Z,"194","16",20,10,0
2022-03-27T00:00:00.000Z,"185","16",20,10,0
2022-03-28T00:00:00.000Z,"176","16",20,10,0
2022-03-29T00:00:00.000Z,"186","16",20,10,0
2022-03-30T00:00:00.000Z,"195","16",20,10,0
2022-03-31T00:00:00.000Z,"207","16",20,10,0
2022-04-01T00:00:00.000Z,"198","16",20,10,0
2022-04-02T00:00:00.000Z,"198","16",20,10,0
2022-04-03T00:00:00.000Z,"186","16",20,10,0
2022-04-04T00:00:00.000Z,"181","16",20,10,0
2022-04-05T00:00:00.000Z,"169","16",20,10,0
2022-04-06T00:00:00.000Z,"171","16",20,10,0
2022-04-07T00:00:00.000Z,"186","16",20,10,0
2022-04-08T00:00:00.000Z,"290","16",20,10,0
2022-04-09T00:00:00.000Z,"397","16",20,10,0
2022-04-10T00:00:00.000Z,"444","16",20,10,0
2022-04-11T00:00:00.000Z,"416","16",20,10,0
2022-04-12T00:00:00.000Z,"429","16",20,10,0
2022-04-13T00:00:00.000Z,"401","16",20,10,0
2022-04-14T00:00:00.000Z,"363","16",20,10,0
2022-04-15T00:00:00.000Z,"330","16",20,10,0
2022-04-16T00:00:00.000Z,"294","16",20,10,0
2022-04-17T00:00:00.000Z,"292","16",20,10,0
2022-04-18T00:00:00.000Z,"260","16",20,10,0
2022-04-19T00:00:00.000Z,"258","16",20,10,0
2022-04-20T00:00:00.000Z,"244","16",20,10,0
2022-04-21T00:00:00.000Z,"226","16",20,10,0
2022-04-22T00:00:00.000Z,"216","16",20,10,0
2022-04-23T00:00:00.000Z,"220","16",20,10,0
2022-04-24T00:00:00.000Z,"213","16",20,10,0
2022-04-25T00:00:00.000Z,"206","16",20,10,0
2022-04-26T00:00:00.000Z,"189","16",20,10,0
2022-04-27T00:00:00.000Z,"192","16",20,10,0
2022-04-28T00:00:00.000Z,"196","16",20,10,0
2022-04-29T00:00:00.000Z,"187","16",20,10,0
2022-04-30T00:00:00.000Z,"179","16",20,10,0
2022-05-01T00:00:00.000Z,"173","16",20,10,0
2022-05-02T00:00:00.000Z,"180","16",20,10,0
2022-05-03T00:00:00.000Z,"174","16",20,10,0
2022-05-04T00:00:00.000Z,"169","16",20,10,0
2022-05-05T00:00:00.000Z,"169","16",20,10,0
2022-05-06T00:00:00.000Z,"155","16",20,10,0
2022-05-07T00:00:00.000Z,"155","16",20,10,0
2022-05-08T00:00:00.000Z,"151","16",20,10,0
2022-05-09T00:00:00.000Z,"144","16",20,10,0
2022-05-10T00:00:00.000Z,"140","16",20,10,0
2022-05-11T00:00:00.000Z,"133","16",20,10,0
2022-05-12T00:00:00.000Z,"130","16",20,10,0
2022-05-13T00:00:00.000Z,"128","16",20,10,0
2022-05-14T00:00:00.000Z,"119","16",20,10,0
2022-05-15T00:00:00.000Z,"125","16",20,10,0
2022-05-16T00:00:00.000Z,"135","16",20,10,0
2022-05-17T00:00:00.000Z,"124","16",20,10,0
2022-05-18T00:00:00.000Z,"120","16",20,10,0
2022-05-19T00:00:00.000Z,"116","16",20,10,0
2022-05-20T00:00:00.000Z,"111","16",20,10,0
2022-05-21T00:00:00.000Z,"116","16",20,10,0
2022-05-22T00:00:00.000Z,"113","16",20,10,0
2022-05-23T00:00:00.000Z,"117","16",20,10,0
2022-05-24T00:00:00.000Z,"118","16",20,10,0
2022-05-25T00:00:00.000Z,"113","16",20,10,0
2022-05-26T00:00:00.000Z,"112","16",20,10,0
2022-05-27T00:00:00.000Z,"106","16",20,10,0
2022-05-28T00:00:00.000Z,"108","16",20,10,0
2022-05-29T00:00:00.000Z,"104","16",20,10,0
2022-05-30T00:00:00.000Z,"108","16",20,10,0
2022-05-31T00:00:00.000Z,"99.2","16",20,10,0
2022-06-01T00:00:00.000Z,"95.1","16",20,10,0
2022-06-02T00:00:00.000Z,"90.5","16",20,10,0
2022-06-03T00:00:00.000Z,"97.4","16",20,10,0
2022-06-04T00:00:00.000Z,"137","16",20,10,0
2022-06-05T00:00:00.000Z,"148","16",20,10,0
2022-06-06T00:00:00.000Z,"124","16",20,10,0
2022-06-07T00:00:00.000Z,"121","16",20,10,0
2022-06-08T00:00:00.000Z,"146","16",20,10,0
2022-06-09T00:00:00.000Z,"132","16",20,10,0
2022-06-10T00:00:00.000Z,"129","16",20,10,0
2022-06-11T00:00:00.000Z,"113","16",20,10,0
2022-06-12T00:00:00.000Z,"105","16",20,10,0
2022-06-13T00:00:00.000Z,"104","16",20,10,0
2022-06-14T00:00:00.000Z,"92.6","16",20,10,0
2022-06-15T00:00:00.000Z,"101","16",20,10,0
2022-06-16T00:00:00.000Z,"91.3","16",20,10,0
2022-06-17T00:00:00.000Z,"83.4","16",20,10,0
2022-06-18T00:00:00.000Z,"77.4","16",20,10,0
2022-06-19T00:00:00.000Z,"80.4","16",20,10,0
2022-06-20T00:00:00.000Z,"122","16",20,10,0
2022-06-21T00:00:00.000Z,"103","16",20,10,0
2022-06-22T00:00:00.000Z,"111","16",20,10,0
2022-06-23T00:00:00.000Z,"116","16",20,10,0
2022-06-24T00:00:00.000Z,"122","16",20,10,0
2022-06-25T00:00:00.000Z,"105","16",20,10,0
2022-06-26T00:00:00.000Z,"119","16",20,10,0
2022-06-27T00:00:00.000Z,"112","16",20,10,0
2022-06-28T00:00:00.000Z,"107","16",20,10,0
2022-06-29T00:00:00.000Z,"104","16",20,10,0
2022-06-30T00:00:00.000Z,"137","16",20,10,0
2022-07-01T00:00:00.000Z,"138","16",20,10,0
2022-07-02T00:00:00.000Z,"129","16",20,10,0
2022-07-03T00:00:00.000Z,"122","16",20,10,0
2022-07-04T00:00:00.000Z,"110","16",20,10,0
2022-07-05T00:00:00.000Z,"99.0","16",20,10,0
2022-07-06T00:00:00.000Z,"97.8","16",20,10,0
2022-07-07T00:00:00.000Z,"96.6","16",20,10,0
2022-07-08T00:00:00.000Z,"96.5","16",20,10,0
2022-07-09T00:00:00.000Z,"90.9","16",20,10,0
2022-07-10T00:00:00.000Z,"92.2","16",20,10,0
2022-07-11T00:00:00.000Z,"89.5","16",20,10,0
2022-07-12T00:00:00.000Z,"89.0","16",20,10,0
2022-07-13T00:00:00.000Z,"84.3","16",20,10,0
2022-07-14T00:00:00.000Z,"81.3","16",20,10,0
2022-07-15T00:00:00.000Z,"84.6","16",20,10,0
2022-07-16T00:00:00.000Z,"77.7","16",20,10,0
2022-07-17T00:00:00.000Z,"74.6","16",20,10,0
2022-07-18T00:00:00.000Z,"74.5","16",20,10,0
2022-07-19T00:00:00.000Z,"75.5","16",20,10,0
2022-07-20T00:00:00.000Z,"87.6","16",20,10,0
2022-07-21T00:00:00.000Z,"88.8","16",20,10,0
2022-07-22T00:00:00.000Z,"83.8","16",20,10,0
2022-07-23T00:00:00.000Z,"82.1","16",20,10,0
2022-07-24T00:00:00.000Z,"86.4","16",20,10,0
2022-07-25T00:00:00.000Z,"90.7","16",20,10,0
2022-07-26T00:00:00.000Z,"77.7","16",20,10,0
2022-07-27T00:00:00.000Z,"82.1","16",20,10,0
2022-07-28T00:00:00.000Z,"87.2","16",20,10,0
2022-07-29T00:00:00.000Z,"80.3","16",20,10,0
2022-07-30T00:00:00.000Z,"84.6","16",20,10,0
2022-07-31T00:00:00.000Z,"81.1","16",20,10,0
2022-08-01T00:00:00.000Z,"85.8","16",20,8,0
2022-08-02T00:00:00.000Z,"82.8","16",20,8,0
2022-08-03T00:00:00.000Z,"81.5","16",20,8,0
2022-08-04T00:00:00.000Z,"84.6","16",20,8,0
2022-08-05T00:00:00.000Z,"97.1","16",20,8,0
2022-08-06T00:00:00.000Z,"88.2","16",20,8,0
2022-08-07T00:00:00.000Z,"87.2","16",20,8,0
2022-08-08T00:00:00.000Z,"86.1","16",20,8,0
2022-08-09T00:00:00.000Z,"85.2","16",20,8,0
2022-08-10T00:00:00.000Z,"85.4","16",20,8,0
2022-08-11T00:00:00.000Z,"81.5","16",20,8,0
2022-08-12T00:00:00.000Z,"81.1","16",20,8,0
2022-08-13T00:00:00.000Z,"81.4","16",20,8,0
2022-08-14T00:00:00.000Z,"85.8","16",20,8,0
2022-08-15T00:00:00.000Z,"99.8","16",20,8,0
2022-08-16T00:00:00.000Z,"119","16",20,8,0
2022-08-17T00:00:00.000Z,"121","16",20,8,0
2022-08-18T00:00:00.000Z,"110","16",20,8,0
2022-08-19T00:00:00.000Z,"103","16",20,8,0
2022-08-20T00:00:00.000Z,"99.5","16",20,8,0
2022-08-21T00:00:00.000Z,"99.8","16",20,8,0
2022-08-22T00:00:00.000Z,"101","16",20,8,0
2022-08-23T00:00:00.000Z,"97.7","16",20,10,0
2022-08-24T00:00:00.000Z,"98.4","16",20,10,0
2022-08-25T00:00:00.000Z,"95.9","16",20,10,0
2022-08-26T00:00:00.000Z,"94.4","16",20,10,0
2022-08-27T00:00:00.000Z,"98.4","16",20,10,0
2022-08-28T00:00:00.000Z,"85.5","16",20,10,0
2022-08-29T00:00:00.000Z,"93.7","16",20,10,0
2022-08-30T00:00:00.000Z,"85.8","16",20,10,0
2022-08-31T00:00:00.000Z,"81.4","16",20,10,0
2022-09-01T00:00:00.000Z,"87.7","16",20,10,0
2022-09-02T00:00:00.000Z,"97.8","16",20,10,0
2022-09-03T00:00:00.000Z,"91.1","16",20,10,0
2022-09-04T00:00:00.000Z,"89.0","16",20,10,0
2022-09-05T00:00:00.000Z,"91.1","16",20,10,0
2022-09-06T00:00:00.000Z,"90.4","16",20,10,0
2022-09-07T00:00:00.000Z,"88.3","16",20,10,0
2022-09-08T00:00:00.000Z,"104","16",20,10,0
2022-09-09T00:00:00.000Z,"112","16",20,10,0
2022-09-10T00:00:00.000Z,"130","16",20,10,0
2022-09-11T00:00:00.000Z,"110","16",20,10,0
2022-09-12T00:00:00.000Z,"101","16",20,10,0
2022-09-13T00:00:00.000Z,"107","16",20,10,0
2022-09-14T00:00:00.000Z,"105","16",20,10,0
2022-09-15T00:00:00.000Z,"105","16",20,10,0
2022-09-16T00:00:00.000Z,"107","16",20,10,0
2022-09-17T00:00:00.000Z,"110","16",20,10,0
2022-09-18T00:00:00.000Z,"105","16",20,10,0
2022-09-19T00:00:00.000Z,"106","16",20,10,0
2022-09-20T00:00:00.000Z,"105","16",20,10,0
2022-09-21T00:00:00.000Z,"106","16",20,10,0
2022-09-22T00:00:00.000Z,"109","16",20,10,0
2022-09-23T00:00:00.000Z,"108","16",20,10,0
2022-09-24T00:00:00.000Z,"111","16",20,10,0
2022-09-25T00:00:00.000Z,"108","16",20,10,0
2022-09-26T00:00:00.000Z,"119","16",20,10,0
2022-09-27T00:00:00.000Z,"120","16",20,10,0
2022-09-28T00:00:00.000Z,"116","16",20,10,0
2022-09-29T00:00:00.000Z,"146","16",20,10,0
2022-09-30T00:00:00.000Z,"119","16",20,10,0
2022-10-01T00:00:00.000Z,"125","16",20,10,0
2022-10-02T00:00:00.000Z,"132","16",20,10,0
2022-10-03T00:00:00.000Z,"134","16",20,10,0
2022-10-04T00:00:00.000Z,"137","16",20,10,0
2022-10-05T00:00:00.000Z,"147","16",20,10,0
2022-10-06T00:00:00.000Z,"138","16",20,10,0
2022-10-07T00:00:00.000Z,"138","16",20,10,0
2022-10-08T00:00:00.000Z,"138","16",20,10,0
2022-10-09T00:00:00.000Z,"134","16",20,10,0
2022-10-10T00:00:00.000Z,"141","16",20,10,0
2022-10-11T00:00:00.000Z,"167","16",20,10,0
2022-10-12T00:00:00.000Z,"129","16",20,10,0
2022-10-13T00:00:00.000Z,"126","16",20,10,0
2022-10-14T00:00:00.000Z,"132","16",20,10,0
2022-10-15T00:00:00.000Z,"147","16",20,10,0
2022-10-16T00:00:00.000Z,"141","16",20,10,0
2022-10-17T00:00:00.000Z,"156","16",20,10,0
2022-10-18T00:00:00.000Z,"188","16",20,10,0
2022-10-19T00:00:00.000Z,"181","16",20,10,0
2022-10-20T00:00:00.000Z,"182","16",20,10,0
2022-10-21T00:00:00.000Z,"242","16",20,10,0
2022-10-22T00:00:00.000Z,"209","16",20,10,0
2022-10-23T00:00:00.000Z,"198","16",20,10,0
2022-10-24T00:00:00.000Z,"189","16",20,10,0
2022-10-25T00:00:00.000Z,"228","16",20,10,0
2022-10-26T00:00:00.000Z,"229","16",20,10,0
2022-10-27T00:00:00.000Z,"220","16",20,10,0
2022-10-28T00:00:00.000Z,"208","16",20,10,0
2022-10-29T00:00:00.000Z,"198","16",20,10,0
2022-10-30T00:00:00.000Z,"185","16",20,10,0
2022-10-31T00:00:00.000Z,"180","16",20,10,0
2022-11-01T00:00:00.000Z,"173","16",20,10,0
2022-11-02T00:00:00.000Z,"171","16",20,10,0
2022-11-03T00:00:00.000Z,"167","16",20,10,0
2022-11-04T00:00:00.000Z,"165","16",20,10,0
2022-11-05T00:00:00.000Z,"166","16",20,10,0
2022-11-06T00:00:00.000Z,"166","16",20,10,0
2022-11-07T00:00:00.000Z,"161","16",20,10,0
2022-11-08T00:00:00.000Z,"158","16",20,10,0
2022-11-09T00:00:00.000Z,"146","16",20,10,0
2022-11-10T00:00:00.000Z,"141","16",20,10,0
2022-11-11T00:00:00.000Z,"137","16",20,10,0
2022-11-12T00:00:00.000Z,"146","16",20,10,0
2022-11-13T00:00:00.000Z,"152","16",20,10,0
2022-11-14T00:00:00.000Z,"174","16",20,10,0
2022-11-15T00:00:00.000Z,"188","16",20,10,0
2022-11-16T00:00:00.000Z,"185","16",20,10,0
2022-11-17T00:00:00.000Z,"191","16",20,10,0
2022-11-18T00:00:00.000Z,"172","16",20,10,0
2022-11-19T00:00:00.000Z,"158","16",20,10,0
2022-11-20T00:00:00.000Z,"169","16",20,10,0
2022-11-21T00:00:00.000Z,"193","16",20,10,0
2022-11-22T00:00:00.000Z,"202","16",20,10,0
2022-11-23T00:00:00.000Z,"208","16",20,10,0
2022-11-24T00:00:00.000Z,"203","16",20,10,0
2022-11-25T00:00:00.000Z,"185","16",20,10,0
2022-11-26T00:00:00.000Z,"174","16",20,10,0
2022-11-27T00:00:00.000Z,"169","16",20,10,0
2022-11-28T00:00:00.000Z,"180","16",20,10,0
2022-11-29T00:00:00.000Z,"155","16",20,10,0
2022-11-30T00:00:00.000Z,"153","16",20,10,0
2022-12-01T00:00:00.000Z,"148","16",20,10,0
2022-12-02T00:00:00.000Z,"140","16",20,10,0
2022-12-03T00:00:00.000Z,"139","16",20,10,0
2022-12-04T00:00:00.000Z,"138","16",20,10,0
2022-12-05T00:00:00.000Z,"146","16",20,10,0
2022-12-06T00:00:00.000Z,"146","16",20,10,0
2022-12-07T00:00:00.000Z,"147","16",20,10,0
2022-12-08T00:00:00.000Z,"161","16",20,10,0
2022-12-09T00:00:00.000Z,"170","16",20,10,0
2022-12-10T00:00:00.000Z,"163","16",20,10,0
2022-12-11T00:00:00.000Z,"160","16",20,8,0
2022-12-12T00:00:00.000Z,"147","16",20,8,0
2022-12-13T00:00:00.000Z,"145","16",20,8,0
2022-12-14T00:00:00.000Z,"140","16",20,8,0
2022-12-15T00:00:00.000Z,"138","16",20,8,0
2022-12-16T00:00:00.000Z,"142","16",20,8,0
2022-12-17T00:00:00.000Z,"140","16",20,8,0
2022-12-18T00:00:00.000Z,"138","16",20,8,0
2022-12-19T00:00:00.000Z,"140","16",20,8,0
2022-12-20T00:00:00.000Z,"138","16",20,10,0
2022-12-21T00:00:00.000Z,"144","16",20,10,0
2022-12-22T00:00:00.000Z,"179","16",20,10,0
2022-12-23T00:00:00.000Z,"217","16",20,10,0
2022-12-24T00:00:00.000Z,"294","16",20,8,0
2022-12-25T00:00:00.000Z,"296","16",20,8,0
2022-12-26T00:00:00.000Z,"325","16",20,10,0
2022-12-27T00:00:00.000Z,"345","16",20,10,0
2022-12-28T00:00:00.000Z,"351","16",20,10,0
2022-12-29T00:00:00.000Z,"368","16",20,10,0
2022-12-30T00:00:00.000Z,"357","16",20,10,0
2022-12-31T00:00:00.000Z,"359","16",20,10,0
2023-01-01T00:00:00.000Z,"350","16",20,10,0
2023-01-02T00:00:00.000Z,"337","16",20,10,0
2023-01-03T00:00:00.000Z,"305","16",20,10,0
2023-01-04T00:00:00.000Z,"303","16",20,10,0
2023-01-05T00:00:00.000Z,"293","16",20,10,0
2023-01-06T00:00:00.000Z,"287","16",20,10,0
2023-01-07T00:00:00.000Z,"275","16",20,10,0
2023-01-08T00:00:00.000Z,"277","16",20,10,0
2023-01-09T00:00:00.000Z,"299","16",20,10,0
2023-01-10T00:00:00.000Z,"345","16",20,10,0
2023-01-11T00:00:00.000Z,"406","16",20,10,0
2023-01-12T00:00:00.000Z,"413","16",20,10,0
2023-01-13T00:00:00.000Z,"422","16",20,10,0
2023-01-14T00:00:00.000Z,"438","16",20,10,0
2023-01-15T00:00:00.000Z,"494","16",20,10,0
2023-01-16T00:00:00.000Z,"575","16",20,10,0
2023-01-17T00:00:00.000Z,"605","16",20,10,0
2023-01-18T00:00:00.000Z,"657","16",20,10,0
2023-01-19T00:00:00.000Z,"646","16",20,10,0
2023-01-20T00:00:00.000Z,"649","16",20,10,0
2023-01-21T00:00:00.000Z,"629","16",20,10,0
2023-01-22T00:00:00.000Z,"602","16",20,10,0
2023-01-23T00:00:00.000Z,"613","16",20,10,0
2023-01-24T00:00:00.000Z,"615","16",20,10,0
2023-01-25T00:00:00.000Z,"600","16",20,10,0
2023-01-26T00:00:00.000Z,"566","16",20,10,0
2023-01-27T00:00:00.000Z,"500","16",20,10,0
2023-01-28T00:00:00.000Z,"440","16",20,10,0
2023-01-29T00:00:00.000Z,"400","16",20,8,0
2023-01-30T00:00:00.000Z,"363","16",20,10,0
2023-01-31T00:00:00.000Z,"346","16",20,10,0
2023-02-01T00:00:00.000Z,"323","16",20,10,0
2023-02-02T00:00:00.000Z,"303","16",20,10,0
2023-02-03T00:00:00.000Z,"289","16",20,10,0
2023-02-04T00:00:00.000Z,"277","16",20,10,0
2023-02-05T00:00:00.000Z,"258","16",20,10,0
2023-02-06T00:00:00.000Z,"238","16",20,10,0
2023-02-07T00:00:00.000Z,"235","16",20,10,0
2023-02-08T00:00:00.000Z,"223","16",20,10,0
2023-02-09T00:00:00.000Z,"219","16",20,10,0
2023-02-10T00:00:00.000Z,"219","16",20,10,0
2023-02-11T00:00:00.000Z,"215","16",20,10,0
2023-02-12T00:00:00.000Z,"206","16",20,10,0
2023-02-13T00:00:00.000Z,"191","16",20,10,0
2023-02-14T00:00:00.000Z,"189","16",20,10,0
2023-02-15T00:00:00.000Z,"178","16",20,10,0
2023-02-16T00:00:00.000Z,"183","16",20,10,0
2023-02-17T00:00:00.000Z,"181","16",20,10,0
2023-02-18T00:00:00.000Z,"179","16",20,10,0
2023-02-19T00:00:00.000Z,"175","16",20,10,0
2023-02-20T00:00:00.000Z,"169","16",20,10,0
2023-02-21T00:00:00.000Z,"169","16",20,10,0
2023-02-22T00:00:00.000Z,"167","16",20,10,0
2023-02-23T00:00:00.000Z,"173","16",20,10,0
2023-02-24T00:00:00.000Z,"168","16",20,10,0
2023-02-25T00:00:00.000Z,"165","16",20,10,0
2023-02-26T00:00:00.000Z,"171","16",20,10,0
2023-02-27T00:00:00.000Z,"168","16",20,10,0
2023-02-28T00:00:00.000Z,"156","16",20,10,0
2023-03-01T00:00:00.000Z,"142","16",20,10,0
2023-03-02T00:00:00.000Z,"149","16",20,10,0
2023-03-03T00:00:00.000Z,"166","16",20,10,0
2023-03-04T00:00:00.000Z,"158","16",20,10,0
2023-03-05T00:00:00.000Z,"151","16",20,10,0
2023-03-06T00:00:00.000Z,"137","16",20,10,0
2023-03-07T00:00:00.000Z,"147","16",20,10,0
2023-03-08T00:00:00.000Z,"177","16",20,8,0
2023-03-09T00:00:00.000Z,"209","16",20,10,0
2023-03-10T00:00:00.000Z,"266","16",20,10,0
2023-03-11T00:00:00.000Z,"260","16",20,10,0
2023-03-12T00:00:00.000Z,"266","16",20,10,0
2023-03-13T00:00:00.000Z,"257","16",20,10,0
2023-03-14T00:00:00.000Z,"275","16",20,10,0
2023-03-15T00:00:00.000Z,"275","16",20,10,0
2023-03-16T00:00:00.000Z,"287","16",20,10,0
2023-03-17T00:00:00.000Z,"313","16",20,10,0
2023-03-18T00:00:00.000Z,"297","16",20,10,0
2023-03-19T00:00:00.000Z,"286","16",20,10,0
2023-03-20T00:00:00.000Z,"271","16",20,10,0
2023-03-21T00:00:00.000Z,"265","16",20,10,0
2023-03-22T00:00:00.000Z,"241","16",20,10,0
2023-03-23T00:00:00.000Z,"252","16",20,10,0
2023-03-24T00:00:00.000Z,"232","16",20,10,0
2023-03-25T00:00:00.000Z,"223","16",20,10,0
2023-03-26T00:00:00.000Z,"230","16",20,10,0
2023-03-27T00:00:00.000Z,"247","16",20,10,0
2023-03-28T00:00:00.000Z,"260","16",20,10,0
2023-03-29T00:00:00.000Z,"255","16",20,10,0
2023-03-30T00:00:00.000Z,"258","16",20,10,0
2023-03-31T00:00:00.000Z,"263","16",20,10,0
2023-04-01T00:00:00.000Z,"261","16",20,10,0
2023-04-02T00:00:00.000Z,"291","16",20,10,0
2023-04-03T00:00:00.000Z,"319","16",20,10,0
2023-04-04T00:00:00.000Z,"355","16",20,10,0
2023-04-05T00:00:00.000Z,"392","16",20,10,0
2023-04-06T00:00:00.000Z,"388","16",20,10,0
2023-04-07T00:00:00.000Z,"396","16",20,10,0
2023-04-08T00:00:00.000Z,"398","16",20,10,0
2023-04-09T00:00:00.000Z,"404","16",20,10,0
2023-04-10T00:00:00.000Z,"410","16",20,10,0
2023-04-11T00:00:00.000Z,"390","16",20,10,0
2023-04-12T00:00:00.000Z,"383","16",20,10,0
2023-04-13T00:00:00.000Z,"392","16",20,10,0
2023-04-14T00:00:00.000Z,"394","16",20,10,0
2023-04-15T00:00:00.000Z,"407","16",20,10,0
2023-04-16T00:00:00.000Z,"384","16",20,10,0
2023-04-17T00:00:00.000Z,"361","16",20,10,0
2023-04-18T00:00:00.000Z,"351","16",20,10,0
2023-04-19T00:00:00.000Z,"333","16",20,10,0
2023-04-20T00:00:00.000Z,"317","16",20,10,0
2023-04-21T00:00:00.000Z,"294","16",20,10,0
2023-04-22T00:00:00.000Z,"304","16",20,10,0
2023-04-23T00:00:00.000Z,"296","16",20,10,0
2023-04-24T00:00:00.000Z,"277","16",20,10,0
2023-04-25T00:00:00.000Z,"282","16",20,10,0
2023-04-26T00:00:00.000Z,"290","16",20,10,0
2023-04-27T00:00:00.000Z,"280","16",20,10,0
2023-04-28T00:00:00.000Z,"294","16",20,10,0
2023-04-29T00:00:00.000Z,"281","16",20,10,0
2023-04-30T00:00:00.000Z,"256","16",20,10,0
2023-05-01T00:00:00.000Z,"252","16",20,10,0
2023-05-02T00:00:00.000Z,"241","16",20,10,0
2023-05-03T00:00:00.000Z,"224","16",20,10,0
2023-05-04T00:00:00.000Z,"209","16",20,10,0
2023-05-05T00:00:00.000Z,"204","16",20,10,0
2023-05-06T00:00:00.000Z,"206","16",20,10,0
2023-05-07T00:00:00.000Z,"256","16",20,10,0
2023-05-08T00:00:00.000Z,"224","16",20,10,0
2023-05-09T00:00:00.000Z,"229","16",20,10,0
2023-05-10T00:00:00.000Z,"239","16",20,10,0
2023-05-11T00:00:00.000Z,"298","16",20,10,0
2023-05-12T00:00:00.000Z,"305","16",20,10,0
2023-05-13T00:00:00.000Z,"274","16",20,10,0
2023-05-14T00:00:00.000Z,"275","16",20,10,0
2023-05-15T00:00:00.000Z,"258","16",20,10,0
2023-05-16T00:00:00.000Z,"240","16",20,10,0
2023-05-17T00:00:00.000Z,"222","16",20,10,0
2023-05-18T00:00:00.000Z,"213","16",20,10,0
2023-05-19T00:00:00.000Z,"205","16",20,10,0
2023-05-20T00:00:00.000Z,"189","16",20,10,0
2023-05-21T00:00:00.000Z,"179","16",20,10,0
2023-05-22T00:00:00.000Z,"177","16",20,10,0
2023-05-23T00:00:00.000Z,"149","16",20,10,0
2023-05-24T00:00:00.000Z,"160","16",20,10,0
2023-05-25T00:00:00.000Z,"152","16",20,10,0
2023-05-26T00:00:00.000Z,"145","16",20,10,0
2023-05-27T00:00:00.000Z,"134","16",20,10,0
2023-05-28T00:00:00.000Z,"136","16",20,10,0
2023-05-29T00:00:00.000Z,"125","16",20,10,0
2023-05-30T00:00:00.000Z,"132","16",20,10,0
2023-05-31T00:00:00.000Z,"118","16",20,10,0
2023-06-01T00:00:00.000Z,"110","16",20,10,0
2023-06-02T00:00:00.000Z,"93.7","16",20,10,0
2023-06-03T00:00:00.000Z,"103","16",20,10,0
2023-06-04T00:00:00.000Z,"104","16",20,10,0
2023-06-05T00:00:00.000Z,"106","16",20,10,0
2023-06-06T00:00:00.000Z,"98.3","16",20,10,0
2023-06-07T00:00:00.000Z,"97.2","16",20,10,0
2023-06-08T00:00:00.000Z,"95.0","16",20,10,0
2023-06-09T00:00:00.000Z,"90.9","16",20,10,0
2023-06-10T00:00:00.000Z,"89.5","16",20,10,0
2023-06-11T00:00:00.000Z,"95.1","16",20,10,0
2023-06-12T00:00:00.000Z,"99.8","16",20,10,0
2023-06-13T00:00:00.000Z,"96.0","16",20,10,0
2023-06-14T00:00:00.000Z,"90.5","16",20,10,0
2023-06-15T00:00:00.000Z,"88.9","16",20,10,0
2023-06-16T00:00:00.000Z,"78.1","16",20,10,0
2023-06-17T00:00:00.000Z,"81.5","16",20,10,0
2023-06-18T00:00:00.000Z,"94.3","16",20,8,0
2023-06-19T00:00:00.000Z,"102","16",20,8,0
2023-06-20T00:00:00.000Z,"97.8","16",20,8,0
2023-06-21T00:00:00.000Z,"112","16",20,8,0
2023-06-22T00:00:00.000Z,"171","16",20,8,0
2023-06-23T00:00:00.000Z,"172","16",20,8,0
2023-06-24T00:00:00.000Z,"174","16",20,8,0
2023-06-25T00:00:00.000Z,"137","16",20,8,0
2023-06-26T00:00:00.000Z,"113","16",20,8,0
2023-06-27T00:00:00.000Z,"109","16",20,8,0
2023-06-28T00:00:00.000Z,"102","16",20,8,0
2023-06-29T00:00:00.000Z,"92.7","16",20,8,0
2023-06-30T00:00:00.000Z,"100","16",20,8,0
2023-07-01T00:00:00.000Z,"94.2","16",20,8,0
2023-07-02T00:00:00.000Z,"89.8","16",20,8,0
2023-07-03T00:00:00.000Z,"98.4","16",20,8,0
2023-07-04T00:00:00.000Z,"97.6","16",20,8,0
2023-07-05T00:00:00.000Z,"107","16",20,8,0
2023-07-06T00:00:00.000Z,"99.3","16",20,8,0
2023-07-07T00:00:00.000Z,"94.4","16",20,8,0
2023-07-08T00:00:00.000Z,"87.6","16",20,8,0
2023-07-09T00:00:00.000Z,"89.9","16",20,8,0
2023-07-10T00:00:00.000Z,"91.7","16",20,8,0
2023-07-11T00:00:00.000Z,"88.2","16",20,8,0
2023-07-12T00:00:00.000Z,"84.2","16",20,8,0
2023-07-13T00:00:00.000Z,"82.9","16",20,8,0
2023-07-14T00:00:00.000Z,"80.2","16",20,8,0
2023-07-15T00:00:00.000Z,"85.5","16",20,8,0
2023-07-16T00:00:00.000Z,"84.6","16",20,8,0
2023-07-17T00:00:00.000Z,"82.0","16",20,8,0
2023-07-18T00:00:00.000Z,"81.3","16",20,10,0
2023-07-19T00:00:00.000Z,"85.0","16",20,10,0
2023-07-20T00:00:00.000Z,"82.0","16",20,10,0
2023-07-21T00:00:00.000Z,"80.1","16",20,10,0
2023-07-22T00:00:00.000Z,"84.3","16",20,10,0
2023-07-23T00:00:00.000Z,"84.1","16",20,10,0
2023-07-24T00:00:00.000Z,"90.3","16",20,10,0
2023-07-25T00:00:00.000Z,"141","16",20,10,0
2023-07-26T00:00:00.000Z,"116","16",20,10,0
2023-07-27T00:00:00.000Z,"104","16",20,10,0
2023-07-28T00:00:00.000Z,"161","16",20,10,0
2023-07-29T00:00:00.000Z,"154","16",20,10,0
2023-07-30T00:00:00.000Z,"128","16",20,10,0
2023-07-31T00:00:00.000Z,"125","16",20,10,0
2023-08-01T00:00:00.000Z,"158","16",20,10,0
2023-08-02T00:00:00.000Z,"256","16",20,10,0
2023-08-03T00:00:00.000Z,"194","16",20,10,0
2023-08-04T00:00:00.000Z,"192","16",20,10,0
2023-08-05T00:00:00.000Z,"189","16",20,10,0
2023-08-06T00:00:00.000Z,"180","16",20,10,0
2023-08-07T00:00:00.000Z,"181","16",20,10,0
2023-08-08T00:00:00.000Z,"169","16",20,10,0
2023-08-09T00:00:00.000Z,"162","16",20,10,0
2023-08-10T00:00:00.000Z,"155","16",20,10,0
2023-08-11T00:00:00.000Z,"154","16",20,10,0
2023-08-12T00:00:00.000Z,"179","16",20,10,0
2023-08-13T00:00:00.000Z,"164","16",20,10,0
2023-08-14T00:00:00.000Z,"151","16",20,10,0
2023-08-15T00:00:00.000Z,"157","16",20,10,0
2023-08-16T00:00:00.000Z,"150","16",20,10,0
2023-08-17T00:00:00.000Z,"145","16",20,10,0
2023-08-18T00:00:00.000Z,"144","16",20,10,0
2023-08-19T00:00:00.000Z,"142","16",20,10,0
2023-08-20T00:00:00.000Z,"146","16",20,10,0
2023-08-21T00:00:00.000Z,"150","16",20,10,0
2023-08-22T00:00:00.000Z,"148","16",20,10,0
2023-08-23T00:00:00.000Z,"141","16",20,10,0
2023-08-24T00:00:00.000Z,"139","16",20,10,0
2023-08-25T00:00:00.000Z,"136","16",20,10,0
2023-08-26T00:00:00.000Z,"135","16",20,10,0
2023-08-27T00:00:00.000Z,"136","16",20,10,0
2023-08-28T00:00:00.000Z,"137","16",20,10,0
2023-08-29T00:00:00.000Z,"128","16",20,10,0
2023-08-30T00:00:00.000Z,"128","16",20,10,0
2023-08-31T00:00:00.000Z,"130","16",20,10,0
2023-09-01T00:00:00.000Z,"125","16",20,10,0
2023-09-02T00:00:00.000Z,"125","16",20,10,0
2023-09-03T00:00:00.000Z,"125","16",20,10,0
2023-09-04T00:00:00.000Z,"121","16",20,10,0
2023-09-05T00:00:00.000Z,"119","16",20,10,0
2023-09-06T00:00:00.000Z,"112","16",20,10,0
2023-09-07T00:00:00.000Z,"113","16",20,10,0
2023-09-08T00:00:00.000Z,"108","16",20,10,0
2023-09-09T00:00:00.000Z,"107","16",20,10,0
2023-09-10T00:00:00.000Z,"105","16",20,10,0
2023-09-11T00:00:00.000Z,"110","16",20,10,0
2023-09-12T00:00:00.000Z,"123","16",20,10,0
2023-09-13T00:00:00.000Z,"129","16",20,10,0
2023-09-14T00:00:00.000Z,"119","16",20,10,0
2023-09-15T00:00:00.000Z,"118","16",20,10,0
2023-09-16T00:00:00.000Z,"118","16",20,10,0
2023-09-17T00:00:00.000Z,"115","16",20,10,0
2023-09-18T00:00:00.000Z,"122","16",20,10,0
2023-09-19T00:00:00.000Z,"119","16",20,10,0
2023-09-20T00:00:00.000Z,"123","16",20,10,0
2023-09-21T00:00:00.000Z,"164","16",20,10,0
2023-09-22T00:00:00.000Z,"150","16",20,10,0
2023-09-23T00:00:00.000Z,"137","16",20,10,0
2023-09-24T00:00:00.000Z,"130","16",20,10,0
2023-09-25T00:00:00.000Z,"124","16",20,10,0
2023-09-26T00:00:00.000Z,"114","16",20,10,0
2023-09-27T00:00:00.000Z,"113","16",20,10,0
2023-09-28T00:00:00.000Z,"117","16",20,10,0
2023-09-29T00:00:00.000Z,"113","16",20,10,0
2023-09-30T00:00:00.000Z,"114","16",20,10,0
2023-10-01T00:00:00.000Z,"111","16",20,10,0
2023-10-02T00:00:00.000Z,"110","16",20,10,0
2023-10-03T00:00:00.000Z,"115","16",20,10,0
2023-10-04T00:00:00.000Z,"116","16",20,10,0
2023-10-05T00:00:00.000Z,"111","16",20,10,0
2023-10-06T00:00:00.000Z,"112","16",20,10,0
2023-10-07T00:00:00.000Z,"110","16",20,10,0
2023-10-08T00:00:00.000Z,"110","16",20,10,0
2023-10-09T00:00:00.000Z,"110","16",20,10,0
2023-10-10T00:00:00.000Z,"109","16",20,10,0
2023-10-11T00:00:00.000Z,"108","16",20,10,0
2023-10-12T00:00:00.000Z,"105","16",20,10,0
2023-10-13T00:00:00.000Z,"101","16",20,10,0
2023-10-14T00:00:00.000Z,"102","16",20,10,0
2023-10-15T00:00:00.000Z,"98.8","16",20,10,0
2023-10-16T00:00:00.000Z,"95.2","16",20,10,0
2023-10-17T00:00:00.000Z,"96.2","16",20,10,0
2023-10-18T00:00:00.000Z,"100","16",20,10,0
2023-10-19T00:00:00.000Z,"105","16",20,10,0
2023-10-20T00:00:00.000Z,"128","16",20,10,0
2023-10-21T00:00:00.000Z,"140","16",20,10,0
2023-10-22T00:00:00.000Z,"129","16",20,10,0
2023-10-23T00:00:00.000Z,"135","16",20,10,0
2023-10-24T00:00:00.000Z,"142","16",20,10,0
2023-10-25T00:00:00.000Z,"153","16",20,10,0
2023-10-26T00:00:00.000Z,"174","16",20,10,0
2023-10-27T00:00:00.000Z,"232","16",20,10,0
2023-10-28T00:00:00.000Z,"227","16",20,10,0
2023-10-29T00:00:00.000Z,"263","16",20,10,0
2023-10-30T00:00:00.000Z,"268","16",20,10,0
2023-10-31T00:00:00.000Z,"297","16",20,10,0
2023-11-01T00:00:00.000Z,"311","16",20,10,0
2023-11-02T00:00:00.000Z,"335","16",20,10,0
2023-11-03T00:00:00.000Z,"358","16",20,10,0
2023-11-04T00:00:00.000Z,"365","16",20,10,0
2023-11-05T00:00:00.000Z,"368","16",20,10,0
2023-11-06T00:00:00.000Z,"377","16",20,10,0
2023-11-07T00:00:00.000Z,"385","16",20,10,0
2023-11-08T00:00:00.000Z,"361","16",20,10,0
2023-11-09T00:00:00.000Z,"360","16",20,10,0
2023-11-10T00:00:00.000Z,"373","16",20,10,0
2023-11-11T00:00:00.000Z,"383","16",20,10,0
2023-11-12T00:00:00.000Z,"380","16",20,10,0
2023-11-13T00:00:00.000Z,"386","16",20,10,0
2023-11-14T00:00:00.000Z,"416","16",20,10,0
2023-11-15T00:00:00.000Z,"440","16",20,10,0
2023-11-16T00:00:00.000Z,"520","16",20,10,0
2023-11-17T00:00:00.000Z,"581","16",20,10,0
2023-11-18T00:00:00.000Z,"632","16",20,10,0
2023-11-19T00:00:00.000Z,"641","16",20,10,0
2023-11-20T00:00:00.000Z,"654","16",20,10,0
2023-11-21T00:00:00.000Z,"606","16",20,10,0
2023-11-22T00:00:00.000Z,"575","16",20,10,0
2023-11-23T00:00:00.000Z,"569","16",20,10,0
2023-11-24T00:00:00.000Z,"556","16",20,10,0
2023-11-25T00:00:00.000Z,"580","16",20,10,0
2023-11-26T00:00:00.000Z,"587","16",20,10,0
2023-11-27T00:00:00.000Z,"588","16",20,10,0
2023-11-28T00:00:00.000Z,"592","16",20,10,0
2023-11-29T00:00:00.000Z,"603","16",20,10,0
2023-11-30T00:00:00.000Z,"596","16",20,10,0
2023-12-01T00:00:00.000Z,"567","16",20,10,0
2023-12-02T00:00:00.000Z,"539","16",20,10,0
2023-12-03T00:00:00.000Z,"520","16",20,10,0
2023-12-04T00:00:00.000Z,"513","16",20,10,0
2023-12-05T00:00:00.000Z,"520","16",20,10,0
2023-12-06T00:00:00.000Z,"561","16",20,10,0
2023-12-07T00:00:00.000Z,"534","16",20,10,0
2023-12-08T00:00:00.000Z,"531","16",20,10,0
2023-12-09T00:00:00.000Z,"598","16",20,10,0
2023-12-10T00:00:00.000Z,"698","16",20,10,0
2023-12-11T00:00:00.000Z,"808","16",20,8,0
2023-12-12T00:00:00.000Z,"820","16",20,10,0
2023-12-13T00:00:00.000Z,"847","16",20,10,0
2023-12-14T00:00:00.000Z,"886","16",20,10,0
2023-12-15T00:00:00.000Z,"899","16",20,10,0
2023-12-16T00:00:00.000Z,"908","16",20,10,0
2023-12-17T00:00:00.000Z,"877","16",20,10,0
2023-12-18T00:00:00.000Z,"831","16",20,10,0
2023-12-19T00:00:00.000Z,"827","16",20,10,0
2023-12-20T00:00:00.000Z,"819","16",20,10,0
2023-12-21T00:00:00.000Z,"819","16",20,10,0
2023-12-22T00:00:00.000Z,"828","16",20,10,0
2023-12-23T00:00:00.000Z,"828","16",20,10,0
2023-12-24T00:00:00.000Z,"805","16",20,10,0
2023-12-25T00:00:00.000Z,"780","16",20,10,0
2023-12-26T00:00:00.000Z,"747","16",20,10,0
2023-12-27T00:00:00.000Z,"725","16",20,10,0
2023-12-28T00:00:00.000Z,"697","16",20,10,0
2023-12-29T00:00:00.000Z,"677","16",20,10,0
2023-12-30T00:00:00.000Z,"654","16",20,10,0
2023-12-31T00:00:00.000Z,"644","16",20,10,0
2024-01-01T00:00:00.000Z,"636","16",20,10,0
2024-01-02T00:00:00.000Z,"649","16",20,8,0
2024-01-03T00:00:00.000Z,"737","16",20,8,0
2024-01-04T00:00:00.000Z,"816","16",20,8,0
2024-01-05T00:00:00.000Z,"811","16",20,8,0
2024-01-06T00:00:00.000Z,"752","16",20,8,0
2024-01-07T00:00:00.000Z,"694","16",20,8,0
2024-01-08T00:00:00.000Z,"678","16",20,8,0
2024-01-09T00:00:00.000Z,"692","16",20,8,0
2024-01-10T00:00:00.000Z,"697","16",20,8,0
2024-01-11T00:00:00.000Z,"691","16",20,8,0
2024-01-12T00:00:00.000Z,"671","16",20,8,0
2024-01-13T00:00:00.000Z,"644","16",20,8,0
2024-01-14T00:00:00.000Z,"607","16",20,8,0
2024-01-15T00:00:00.000Z,"561","16",20,8,0
2024-01-16T00:00:00.000Z,"500","16",20,8,0
2024-01-17T00:00:00.000Z,"518","16",20,8,0
2024-01-18T00:00:00.000Z,"598","16",20,8,0
2024-01-19T00:00:00.000Z,"675","16",20,8,0
2024-01-20T00:00:00.000Z,"629","16",20,8,0
2024-01-21T00:00:00.000Z,"608","16",20,8,0
2024-01-22T00:00:00.000Z,"595","16",20,8,0
2024-01-23T00:00:00.000Z,"591","16",20,8,0
2024-01-24T00:00:00.000Z,"589","16",20,8,0
2024-01-25T00:00:00.000Z,"589","16",20,8,0
2024-01-26T00:00:00.000Z,"588","16",20,8,0
2024-01-27T00:00:00.000Z,"581","16",20,8,0
2024-01-28T00:00:00.000Z,"568","16",20,8,0
2024-01-29T00:00:00.000Z,"557","16",20,8,0
2024-01-30T00:00:00.000Z,"547","16",20,8,0
2024-01-31T00:00:00.000Z,"532","16",20,8,0
2024-02-01T00:00:00.000Z,"522","16",20,8,0
2024-02-02T00:00:00.000Z,"515","16",20,8,0
2024-02-03T00:00:00.000Z,"484","16",20,8,0
2024-02-04T00:00:00.000Z,"473","16",20,8,0
2024-02-05T00:00:00.000Z,"466","16",20,8,0
2024-02-06T00:00:00.000Z,"433","16",20,8,0
2024-02-07T00:00:00.000Z,"430","16",20,8,0
2024-02-08T00:00:00.000Z,"459","16",20,8,0
2024-02-09T00:00:00.000Z,"549","16",20,8,0
2024-02-10T00:00:00.000Z,"599","16",20,8,0
2024-02-11T00:00:00.000Z,"616","16",20,8,0
2024-02-12T00:00:00.000Z,"699","16",20,8,0
2024-02-13T00:00:00.000Z,"695","16",20,8,0
2024-02-14T00:00:00.000Z,"656","16",20,8,0
2024-02-15T00:00:00.000Z,"649","16",20,8,0
2024-02-16T00:00:00.000Z,"637","16",20,8,0
2024-02-17T00:00:00.000Z,"626","16",20,8,0
2024-02-18T00:00:00.000Z,"627","16",20,8,0
2024-02-19T00:00:00.000Z,"621","16",20,8,0
2024-02-20T00:00:00.000Z,"596","16",20,8,0
2024-02-21T00:00:00.000Z,"578","16",20,8,0
2024-02-22T00:00:00.000Z,"629","16",20,8,0
2024-02-23T00:00:00.000Z,"849","16",20,8,0
2024-02-24T00:00:00.000Z,"970","16",20,8,0
2024-02-25T00:00:00.000Z,"948","16",20,8,0
2024-02-26T00:00:00.000Z,"898","16",20,8,0
2024-02-27T00:00:00.000Z,"946","16",20,8,0
2024-02-28T00:00:00.000Z,"987","16",20,8,0
2024-02-29T00:00:00.000Z,"1020","16",20,8,0
2024-03-01T00:00:00.000Z,"1010","16",20,8,0
2024-03-02T00:00:00.000Z,"1010","16",20,8,0
2024-03-03T00:00:00.000Z,"1040","16",20,8,0
2024-03-04T00:00:00.000Z,"1070","16",20,8,0
2024-03-05T00:00:00.000Z,"1130","16",20,8,0
2024-03-06T00:00:00.000Z,"1120","16",20,8,0
2024-03-07T00:00:00.000Z,"1040","16",20,8,0
2024-03-08T00:00:00.000Z,"938","16",20,8,0
2024-03-09T00:00:00.000Z,"868","16",20,8,0
2024-03-10T00:00:00.000Z,"809","16",20,8,0
2024-03-11T00:00:00.000Z,"836","16",20,8,0
2024-03-12T00:00:00.000Z,"891","16",20,8,0
2024-03-13T00:00:00.000Z,"917","16",20,8,0
2024-03-14T00:00:00.000Z,"928","16",20,8,0
2024-03-15T00:00:00.000Z,"806","16",20,8,0
2024-03-16T00:00:00.000Z,"740","16",20,8,0
2024-03-17T00:00:00.000Z,"723","16",20,8,0
2024-03-18T00:00:00.000Z,"682","16",20,8,0
2024-03-19T00:00:00.000Z,"663","16",20,8,0
2024-03-20T00:00:00.000Z,"683","16",20,8,0
2024-03-21T00:00:00.000Z,"690","16",20,8,0
2024-03-22T00:00:00.000Z,"640","16",20,8,0
2024-03-23T00:00:00.000Z,"629","16",20,8,0
2024-03-24T00:00:00.000Z,"601","16",20,8,0
2024-03-25T00:00:00.000Z,"577","16",20,8,0
2024-03-26T00:00:00.000Z,"569","16",20,8,0
2024-03-27T00:00:00.000Z,"566","16",20,8,0
2024-03-28T00:00:00.000Z,"556","16",20,8,0
2024-03-29T00:00:00.000Z,"556","16",20,8,0
2024-03-30T00:00:00.000Z,"649","16",20,8,0
2024-03-31T00:00:00.000Z,"770","16",20,8,0
2024-04-01T00:00:00.000Z,"796","16",20,8,0
2024-04-02T00:00:00.000Z,"837","16",20,8,0
2024-04-03T00:00:00.000Z,"892","16",20,8,0
2024-04-04T00:00:00.000Z,"997","16",20,8,0
2024-04-05T00:00:00.000Z,"1150","16",20,8,0
2024-04-06T00:00:00.000Z,"1190","16",20,8,0
2024-04-07T00:00:00.000Z,"1040","16",20,8,0
2024-04-08T00:00:00.000Z,"896","16",20,8,0
2024-04-09T00:00:00.000Z,"876","16",20,8,0
2024-04-10T00:00:00.000Z,"932","16",20,8,0
2024-04-11T00:00:00.000Z,"928","16",20,8,0
2024-04-12T00:00:00.000Z,"891","16",20,8,0
2024-04-13T00:00:00.000Z,"829","16",20,8,0
2024-04-14T00:00:00.000Z,"798","16",20,8,0
2024-04-15T00:00:00.000Z,"735","16",20,8,0
2024-04-16T00:00:00.000Z,"692","16",20,8,0
2024-04-17T00:00:00.000Z,"636","16",20,8,0
2024-04-18T00:00:00.000Z,"616","16",20,8,0
2024-04-19T00:00:00.000Z,"583","16",20,8,0
2024-04-20T00:00:00.000Z,"569","16",20,8,0
2024-04-21T00:00:00.000Z,"547","16",20,8,0
2024-04-22T00:00:00.000Z,"513","16",20,8,0
2024-04-23T00:00:00.000Z,"501","16",20,8,0
2024-04-24T00:00:00.000Z,"484","16",20,8,0
2024-04-25T00:00:00.000Z,"457","16",20,8,0
2024-04-26T00:00:00.000Z,"420","16",20,8,0
2024-04-27T00:00:00.000Z,"417","16",20,8,0
2024-04-28T00:00:00.000Z,"413","16",20,8,0
2024-04-29T00:00:00.000Z,"397","16",20,8,0
2024-04-30T00:00:00.000Z,"361","16",20,8,0
2024-05-01T00:00:00.000Z,"360","16",20,8,0
2024-05-02T00:00:00.000Z,"414","16",20,8,0
2024-05-03T00:00:00.000Z,"422","16",20,8,0
2024-05-04T00:00:00.000Z,"430","16",20,8,0
2024-05-05T00:00:00.000Z,"435","16",20,8,0
2024-05-06T00:00:00.000Z,"535","16",20,8,0
2024-05-07T00:00:00.000Z,"571","16",20,8,0
2024-05-08T00:00:00.000Z,"651","16",20,8,0
2024-05-09T00:00:00.000Z,"682","16",20,8,0
2024-05-10T00:00:00.000Z,"686","16",20,8,0
2024-05-11T00:00:00.000Z,"631","16",20,8,0
2024-05-12T00:00:00.000Z,"602","16",20,8,0
2024-05-13T00:00:00.000Z,"606","16",20,8,0
2024-05-14T00:00:00.000Z,"629","16",20,8,0
2024-05-15T00:00:00.000Z,"617","16",20,8,0
2024-05-16T00:00:00.000Z,"603","16",20,8,0
2024-05-17T00:00:00.000Z,"601","16",20,8,0
2024-05-18T00:00:00.000Z,"590","16",20,8,0
2024-05-19T00:00:00.000Z,"576","16",20,8,0
2024-05-20T00:00:00.000Z,"555","16",20,8,0
2024-05-21T00:00:00.000Z,"549","16",20,8,0
2024-05-22T00:00:00.000Z,"579","16",20,8,0
2024-05-23T00:00:00.000Z,"562","16",20,8,0
2024-05-24T00:00:00.000Z,"529","16",20,8,0
2024-05-25T00:00:00.000Z,"528","16",20,8,0
2024-05-26T00:00:00.000Z,"494","16",20,8,0
2024-05-27T00:00:00.000Z,"460","16",20,8,0
2024-05-28T00:00:00.000Z,"426","16",20,8,0
2024-05-29T00:00:00.000Z,"438","16",20,8,0
2024-05-30T00:00:00.000Z,"443","16",20,8,0
2024-05-31T00:00:00.000Z,"459","16",20,8,0
2024-06-01T00:00:00.000Z,"466","16",20,8,0
2024-06-02T00:00:00.000Z,"453","16",20,8,0
2024-06-03T00:00:00.000Z,"456","16",20,8,0
2024-06-04T00:00:00.000Z,"442","16",20,8,0
2024-06-05T00:00:00.000Z,"408","16",20,8,0
2024-06-06T00:00:00.000Z,"386","16",20,8,0
2024-06-07T00:00:00.000Z,"355","16",20,8,0
2024-06-08T00:00:00.000Z,"337","16",20,8,0
2024-06-09T00:00:00.000Z,"330","16",20,8,0
2024-06-10T00:00:00.000Z,"304","16",20,8,0
2024-06-11T00:00:00.000Z,"303","16",20,8,0
2024-06-12T00:00:00.000Z,"288","16",20,8,0
2024-06-13T00:00:00.000Z,"285","16",20,8,0
2024-06-14T00:00:00.000Z,"266","16",20,8,0
2024-06-15T00:00:00.000Z,"263","16",20,8,0
2024-06-16T00:00:00.000Z,"277","16",20,8,0
2024-06-17T00:00:00.000Z,"280","16",20,8,0
2024-06-18T00:00:00.000Z,"304","16",20,8,0
2024-06-19T00:00:00.000Z,"309","16",20,8,0
2024-06-20T00:00:00.000Z,"344","16",20,8,0
2024-06-21T00:00:00.000Z,"498","16",20,8,0
2024-06-22T00:00:00.000Z,"599","16",20,8,0
2024-06-23T00:00:00.000Z,"645","16",20,8,0
2024-06-24T00:00:00.000Z,"620","16",20,8,0
2024-06-25T00:00:00.000Z,"563","16",20,8,0
2024-06-26T00:00:00.000Z,"490","16",20,8,0
2024-06-27T00:00:00.000Z,"444","16",20,8,0
2024-06-28T00:00:00.000Z,"418","16",20,8,0
2024-06-29T00:00:00.000Z,"393","16",20,8,0
2024-06-30T00:00:00.000Z,"402","16",20,8,0
2024-07-01T00:00:00.000Z,"479","16",20,8,0
2024-07-02T00:00:00.000Z,"538","16",20,8,0
2024-07-03T00:00:00.000Z,"539","16",20,8,0
2024-07-04T00:00:00.000Z,"514","16",20,8,0
2024-07-05T00:00:00.000Z,"502","16",20,8,0
2024-07-06T00:00:00.000Z,"497","16",20,8,0
2024-07-07T00:00:00.000Z,"491","16",20,8,0
2024-07-08T00:00:00.000Z,"480","16",20,8,0
2024-07-09T00:00:00.000Z,"476","16",20,8,0
2024-07-10T00:00:00.000Z,"469","16",20,8,0
2024-07-11T00:00:00.000Z,"448","16",20,8,0
2024-07-12T00:00:00.000Z,"511","16",20,8,0
2024-07-13T00:00:00.000Z,"498","16",20,8,0
2024-07-14T00:00:00.000Z,"498","16",20,8,0
2024-07-15T00:00:00.000Z,"448","16",20,8,0
2024-07-16T00:00:00.000Z,"405","16",20,8,0
2024-07-17T00:00:00.000Z,"395","16",20,8,0
2024-07-18T00:00:00.000Z,"369","16",20,8,0
2024-07-19T00:00:00.000Z,"336","16",20,8,0
2024-07-20T00:00:00.000Z,"333","16",20,8,0
2024-07-21T00:00:00.000Z,"367","16",20,8,0
2024-07-22T00:00:00.000Z,"379","16",20,8,0
2024-07-23T00:00:00.000Z,"380","16",20,8,0
2024-07-24T00:00:00.000Z,"341","16",20,8,0
2024-07-25T00:00:00.000Z,"351","16",20,8,0
2024-07-26T00:00:00.000Z,"346","16",20,8,0
2024-07-27T00:00:00.000Z,"363","16",20,8,0
2024-07-28T00:00:00.000Z,"408","16",20,8,0
2024-07-29T00:00:00.000Z,"404","16",20,8,0
2024-07-30T00:00:00.000Z,"329","16",20,8,0
2024-07-31T00:00:00.000Z,"310","16",20,8,0
2024-08-01T00:00:00.000Z,"342","16",20,8,0
2024-08-02T00:00:00.000Z,"411","16",20,8,0
2024-08-03T00:00:00.000Z,"453","16",20,8,0
2024-08-04T00:00:00.000Z,"422","16",20,8,0
2024-08-05T00:00:00.000Z,"358","16",20,8,0
2024-08-06T00:00:00.000Z,"327","16",20,8,0
2024-08-07T00:00:00.000Z,"323","16",20,8,0
2024-08-08T00:00:00.000Z,"304","16",20,8,0
2024-08-09T00:00:00.000Z,"301","16",20,8,0
2024-08-10T00:00:00.000Z,"301","16",20,8,0
2024-08-11T00:00:00.000Z,"300","16",20,8,0
2024-08-12T00:00:00.000Z,"301","16",20,8,0
2024-08-13T00:00:00.000Z,"293","16",20,8,0
2024-08-14T00:00:00.000Z,"304","16",20,8,0
2024-08-15T00:00:00.000Z,"301","16",20,8,0
2024-08-16T00:00:00.000Z,"292","16",20,8,0
2024-08-17T00:00:00.000Z,"338","16",20,8,0
2024-08-18T00:00:00.000Z,"359","16",20,8,0
2024-08-19T00:00:00.000Z,"346","16",20,8,0
2024-08-20T00:00:00.000Z,"337","16",20,8,0
2024-08-21T00:00:00.000Z,"323","16",20,8,0
2024-08-22T00:00:00.000Z,"288","16",20,8,0
2024-08-23T00:00:00.000Z,"271","16",20,8,0
2024-08-24T00:00:00.000Z,"259","16",20,8,0
2024-08-25T00:00:00.000Z,"250","16",20,8,0
2024-08-26T00:00:00.000Z,"229","16",20,8,0
2024-08-27T00:00:00.000Z,"213","16",20,8,0
2024-08-28T00:00:00.000Z,"233","16",20,8,0
2024-08-29T00:00:00.000Z,"218","16",20,8,0
2024-08-30T00:00:00.000Z,"231","16",20,8,0
2024-08-31T00:00:00.000Z,"204","16",20,8,0
2024-09-01T00:00:00.000Z,"222","16",20,8,0
2024-09-02T00:00:00.000Z,"217","16",20,8,0
2024-09-03T00:00:00.000Z,"199","16",20,8,0
2024-09-04T00:00:00.000Z,"201","16",20,8,0
2024-09-05T00:00:00.000Z,"341","16",20,8,0
2024-09-06T00:00:00.000Z,"395","16",20,8,0
2024-09-07T00:00:00.000Z,"351","16",20,8,0
2024-09-08T00:00:00.000Z,"332","16",20,8,0
2024-09-09T00:00:00.000Z,"331","16",20,8,0
2024-09-10T00:00:00.000Z,"320","16",20,8,0
2024-09-11T00:00:00.000Z,"318","16",20,8,0
2024-09-12T00:00:00.000Z,"313","16",20,8,0
2024-09-13T00:00:00.000Z,"316","16",20,8,0
2024-09-14T00:00:00.000Z,"310","16",20,8,0
2024-09-15T00:00:00.000Z,"312","16",20,8,0
2024-09-16T00:00:00.000Z,"304","16",20,8,0
2024-09-17T00:00:00.000Z,"291","16",20,8,0
2024-09-18T00:00:00.000Z,"295","16",20,8,0
2024-09-19T00:00:00.000Z,"289","16",20,8,0
2024-09-20T00:00:00.000Z,"278","16",20,8,0
2024-09-21T00:00:00.000Z,"278","16",20,8,0
2024-09-22T00:00:00.000Z,"279","16",20,8,0
2024-09-23T00:00:00.000Z,"288","16",20,8,0
2024-09-24T00:00:00.000Z,"289","16",20,8,0
2024-09-25T00:00:00.000Z,"308","16",20,8,0
2024-09-26T00:00:00.000Z,"469","16",20,8,0
2024-09-27T00:00:00.000Z,"576","16",20,8,0
2024-09-28T00:00:00.000Z,"589","16",20,8,0
2024-09-29T00:00:00.000Z,"494","16",20,8,0
2024-09-30T00:00:00.000Z,"438","16",20,8,0
2024-10-01T00:00:00.000Z,"411","16",20,8,0
2024-10-02T00:00:00.000Z,"381","16",20,8,0
2024-10-03T00:00:00.000Z,"388","16",20,8,0
2024-10-04T00:00:00.000Z,"401","16",20,8,0
2024-10-05T00:00:00.000Z,"385","16",20,8,0
2024-10-06T00:00:00.000Z,"376","16",20,8,0
2024-10-07T00:00:00.000Z,"375","16",20,8,0
2024-10-08T00:00:00.000Z,"397","16",20,8,0
2024-10-09T00:00:00.000Z,"569","16",20,8,0
2024-10-10T00:00:00.000Z,"819","16",20,8,0
2024-10-11T00:00:00.000Z,"928","16",20,8,0
2024-10-12T00:00:00.000Z,"956","16",20,8,0
2024-10-13T00:00:00.000Z,"816","16",20,8,0
2024-10-14T00:00:00.000Z,"685","16",20,8,0
2024-10-15T00:00:00.000Z,"619","16",20,8,0
2024-10-16T00:00:00.000Z,"596","16",20,8,0
2024-10-17T00:00:00.000Z,"587","16",20,8,0
2024-10-18T00:00:00.000Z,"599","16",20,8,0
2024-10-19T00:00:00.000Z,"636","16",20,8,0
2024-10-20T00:00:00.000Z,"620","16",20,8,0
2024-10-21T00:00:00.000Z,"582","16",20,8,0
2024-10-22T00:00:00.000Z,"513","16",20,8,0
2024-10-23T00:00:00.000Z,"494","16",20,8,0
2024-10-24T00:00:00.000Z,"469","16",20,8,0
2024-10-25T00:00:00.000Z,"431","16",20,8,0
2024-10-26T00:00:00.000Z,"453","16",20,8,0
2024-10-27T00:00:00.000Z,"450","16",20,8,0
2024-10-28T00:00:00.000Z,"427","16",20,8,0
2024-10-29T00:00:00.000Z,"420","16",20,8,0
2024-10-30T00:00:00.000Z,"410","16",20,8,0
2024-10-31T00:00:00.000Z,"395","16",20,8,0
2024-11-01T00:00:00.000Z,"384","16",20,8,0
2024-11-02T00:00:00.000Z,"376","16",20,8,0
2024-11-03T00:00:00.000Z,"355","16",20,8,0
2024-11-04T00:00:00.000Z,"335","16",20,8,0
2024-11-05T00:00:00.000Z,"335","16",20,8,0
2024-11-06T00:00:00.000Z,"323","16",20,8,0
2024-11-07T00:00:00.000Z,"320","16",20,8,0
2024-11-08T00:00:00.000Z,"310","16",20,8,0
2024-11-09T00:00:00.000Z,"302","16",20,8,0
2024-11-10T00:00:00.000Z,"304","16",20,8,0
2024-11-11T00:00:00.000Z,"302","16",20,8,0
2024-11-12T00:00:00.000Z,"276","16",20,8,0
2024-11-13T00:00:00.000Z,"260","16",20,8,0
2024-11-14T00:00:00.000Z,"259","16",20,8,0
2024-11-15T00:00:00.000Z,"259","16",20,8,0
2024-11-16T00:00:00.000Z,"228","16",20,8,0
2024-11-17T00:00:00.000Z,"240","16",20,8,0
2024-11-18T00:00:00.000Z,"239","16",20,8,0
2024-11-19T00:00:00.000Z,"265","16",20,8,0
2024-11-20T00:00:00.000Z,"345","16",20,8,0
2024-11-21T00:00:00.000Z,"473","16",20,8,0
2024-11-22T00:00:00.000Z,"488","16",20,8,0
2024-11-23T00:00:00.000Z,"537","16",20,8,0
2024-11-24T00:00:00.000Z,"554","16",20,8,0
2024-11-25T00:00:00.000Z,"548","16",20,8,0
2024-11-26T00:00:00.000Z,"528","16",20,8,0
2024-11-27T00:00:00.000Z,"541","16",20,8,0
2024-11-28T00:00:00.000Z,"568","16",20,8,0
2024-11-29T00:00:00.000Z,"571","16",20,8,0
2024-11-30T00:00:00.000Z,"532","16",20,8,0
2024-12-01T00:00:00.000Z,"511","16",20,8,0
2024-12-02T00:00:00.000Z,"506","16",20,8,0
2024-12-03T00:00:00.000Z,"494","16",20,8,0
2024-12-04T00:00:00.000Z,"477","16",20,8,0
2024-12-05T00:00:00.000Z,"463","16",20,8,0
2024-12-06T00:00:00.000Z,"468","16",20,8,0
2024-12-07T00:00:00.000Z,"533","16",20,8,0
2024-12-08T00:00:00.000Z,"615","16",20,8,0
2024-12-09T00:00:00.000Z,"728","16",20,8,0
2024-12-10T00:00:00.000Z,"782","16",20,8,0
2024-12-11T00:00:00.000Z,"754","16",20,8,0
2024-12-12T00:00:00.000Z,"722","16",20,8,0
2024-12-13T00:00:00.000Z,"681","16",20,8,0
2024-12-14T00:00:00.000Z,"648","16",20,8,0
2024-12-15T00:00:00.000Z,"634","16",20,8,0
2024-12-16T00:00:00.000Z,"615","16",20,8,0
2024-12-17T00:00:00.000Z,"600","16",20,8,0
2024-12-18T00:00:00.000Z,"584","16",20,8,0
2024-12-19T00:00:00.000Z,"558","16",20,8,0
2024-12-20T00:00:00.000Z,"545","16",20,8,0
2024-12-21T00:00:00.000Z,"559","16",20,8,0
2024-12-22T00:00:00.000Z,"632","16",20,8,0
2024-12-23T00:00:00.000Z,"754","16",20,8,0
2024-12-24T00:00:00.000Z,"800","16",20,8,0
2024-12-25T00:00:00.000Z,"772","16",20,8,0
2024-12-26T00:00:00.000Z,"746","16",20,8,0
2024-12-27T00:00:00.000Z,"701","16",20,8,0
2024-12-28T00:00:00.000Z,"685","16",20,8,0
2024-12-29T00:00:00.000Z,"682","16",20,8,0
2024-12-30T00:00:00.000Z,"679","16",20,8,0
2024-12-31T00:00:00.000Z,"673","16",20,8,0
2025-01-01T00:00:00.000Z,"665","16",20,8,0
2025-01-02T00:00:00.000Z,"707","16",20,8,0
2025-01-03T00:00:00.000Z,"798","16",20,8,0
2025-01-04T00:00:00.000Z,"830","16",20,8,0
2025-01-05T00:00:00.000Z,"822","16",20,8,0
2025-01-06T00:00:00.000Z,"919","16",20,8,0
2025-01-07T00:00:00.000Z,"956","16",20,8,0
2025-01-08T00:00:00.000Z,"911","16",20,8,0
2025-01-09T00:00:00.000Z,"950","12",20,8,0
2025-01-10T00:00:00.000Z,"1050","12",20,10,0
2025-01-11T00:00:00.000Z,"1080","12",20,10,0
2025-01-12T00:00:00.000Z,"1030","12",20,10,0
2025-01-13T00:00:00.000Z,"953","12",20,10,0
2025-01-14T00:00:00.000Z,"900","12",20,10,0
2025-01-15T00:00:00.000Z,"888","12",20,10,0
2025-01-16T00:00:00.000Z,"815","12",20,10,0
2025-01-17T00:00:00.000Z,"841","12",20,10,0
2025-01-18T00:00:00.000Z,"836","12",20,10,0
2025-01-19T00:00:00.000Z,"804","12",20,10,0
2025-01-20T00:00:00.000Z,"744","12",20,10,0
2025-01-21T00:00:00.000Z,"693","12",20,10,0
2025-01-22T00:00:00.000Z,"646","12",20,10,0
2025-01-23T00:00:00.000Z,"686","12",20,10,0
2025-01-24T00:00:00.000Z,"711","12",20,10,0
2025-01-25T00:00:00.000Z,"685","12",20,10,0
2025-01-26T00:00:00.000Z,"715","12",20,10,0
2025-01-27T00:00:00.000Z,"788","12",20,10,0
2025-01-28T00:00:00.000Z,"809","12",20,10,0
2025-01-29T00:00:00.000Z,"817","12",20,10,0
2025-01-30T00:00:00.000Z,"833","12",20,10,0
2025-01-31T00:00:00.000Z,"809","12",20,10,0
2025-02-01T00:00:00.000Z,"729","12",20,10,0
2025-02-02T00:00:00.000Z,"659","12",20,10,0
2025-02-03T00:00:00.000Z,"624","12",20,10,0
2025-02-04T00:00:00.000Z,"566","12",20,10,0
2025-02-05T00:00:00.000Z,"536","12",20,10,0
2025-02-06T00:00:00.000Z,"496","12",20,10,0
2025-02-07T00:00:00.000Z,"468","12",20,10,0
2025-02-08T00:00:00.000Z,"454","12",20,10,0
2025-02-09T00:00:00.000Z,"456","12",20,10,0
2025-02-10T00:00:00.000Z,"440","12",20,10,0
2025-02-11T00:00:00.000Z,"439","12",20,10,0
2025-02-12T00:00:00.000Z,"460","12",20,10,0
2025-02-13T00:00:00.000Z,"479","12",20,10,0
2025-02-14T00:00:00.000Z,"475","12",20,10,0
2025-02-15T00:00:00.000Z,"466","12",20,10,0
2025-02-16T00:00:00.000Z,"462","12",20,10,0
2025-02-17T00:00:00.000Z,"448","12",20,10,0
2025-02-18T00:00:00.000Z,"416","12",20,10,0
2025-02-19T00:00:00.000Z,"420","12",20,10,0
2025-02-20T00:00:00.000Z,"401","12",20,10,0
2025-02-21T00:00:00.000Z,"399","12",20,10,0
2025-02-22T00:00:00.000Z,"397","12",20,10,0
2025-02-23T00:00:00.000Z,"394","12",20,10,0
2025-02-24T00:00:00.000Z,"371","12",20,10,0
2025-02-25T00:00:00.000Z,"435","12",20,10,0
2025-02-26T00:00:00.000Z,"587","12",20,10,0
2025-02-27T00:00:00.000Z,"713","12",20,10,0
2025-02-28T00:00:00.000Z,"702","12",20,10,0
2025-03-01T00:00:00.000Z,"643","12",20,10,0
2025-03-02T00:00:00.000Z,"595","12",20,10,0
2025-03-03T00:00:00.000Z,"546","12",20,10,0
2025-03-04T00:00:00.000Z,"527","12",20,10,0
2025-03-05T00:00:00.000Z,"509","12",20,10,0
2025-03-06T00:00:00.000Z,"478","12",20,10,0
2025-03-07T00:00:00.000Z,"472","12",20,10,0
2025-03-08T00:00:00.000Z,"451","12",20,10,0
2025-03-09T00:00:00.000Z,"445","12",20,10,0
2025-03-10T00:00:00.000Z,"443","12",20,10,0
2025-03-11T00:00:00.000Z,"429","12",20,10,0
2025-03-12T00:00:00.000Z,"409","12",20,10,0
2025-03-13T00:00:00.000Z,"407","12",20,10,0
2025-03-14T00:00:00.000Z,"398","12",20,10,0
2025-03-15T00:00:00.000Z,"416","12",20,10,0
2025-03-16T00:00:00.000Z,"419","12",20,10,0
2025-03-17T00:00:00.000Z,"438","12",20,10,0
2025-03-18T00:00:00.000Z,"478","12",20,10,0
2025-03-19T00:00:00.000Z,"473","12",20,10,0
2025-03-20T00:00:00.000Z,"441","12",20,10,0
2025-03-21T00:00:00.000Z,"413","12",20,10,0
2025-03-22T00:00:00.000Z,"420","12",20,10,0
2025-03-23T00:00:00.000Z,"414","12",20,10,0
2025-03-24T00:00:00.000Z,"407","12",20,10,0
2025-03-25T00:00:00.000Z,"379","12",20,10,0
2025-03-26T00:00:00.000Z,"372","12",20,10,0
2025-03-27T00:00:00.000Z,"360","12",20,10,0
2025-03-28T00:00:00.000Z,"349","12",20,10,0
2025-03-29T00:00:00.000Z,"345","12",20,10,0
2025-03-30T00:00:00.000Z,"337","12",20,10,0
2025-03-31T00:00:00.000Z,"323","12",20,10,0
2025-04-01T00:00:00.000Z,"311","12",20,10,0
2025-04-02T00:00:00.000Z,"299","12",20,10,0
2025-04-03T00:00:00.000Z,"293","12",20,10,0
2025-04-04T00:00:00.000Z,"273","12",20,10,0
2025-04-05T00:00:00.000Z,"274","12",20,10,0
2025-04-06T00:00:00.000Z,"246","12",20,10,0
2025-04-07T00:00:00.000Z,"255","12",20,10,0
2025-04-08T00:00:00.000Z,"250","12",20,10,0
2025-04-09T00:00:00.000Z,"237","12",20,10,0
2025-04-10T00:00:00.000Z,"237","12",20,10,0
2025-04-11T00:00:00.000Z,"234","12",20,10,0
2025-04-12T00:00:00.000Z,"233","12",20,10,0
2025-04-13T00:00:00.000Z,"247","12",20,10,0
2025-04-14T00:00:00.000Z,"240","12",20,10,0
2025-04-15T00:00:00.000Z,"233","12",20,10,0
2025-04-16T00:00:00.000Z,"231","12",20,10,0
2025-04-17T00:00:00.000Z,"231","12",20,10,0
2025-04-18T00:00:00.000Z,"223","12",20,10,0
2025-04-19T00:00:00.000Z,"218","12",20,10,0
2025-04-20T00:00:00.000Z,"230","12",20,10,0
2025-04-21T00:00:00.000Z,"234","12",20,10,0
2025-04-22T00:00:00.000Z,"226","12",20,10,0
2025-04-23T00:00:00.000Z,"244","12",20,10,0
2025-04-24T00:00:00.000Z,"246","12",20,10,0
2025-04-25T00:00:00.000Z,"240","12",20,10,0
2025-04-26T00:00:00.000Z,"232","12",20,10,0
2025-04-27T00:00:00.000Z,"219","12",20,10,0
2025-04-28T00:00:00.000Z,"217","12",20,10,0
2025-04-29T00:00:00.000Z,"206","12",20,10,0
2025-04-30T00:00:00.000Z,"201","12",20,10,0
2025-05-01T00:00:00.000Z,"196","12",20,10,0
2025-05-02T00:00:00.000Z,"190","12",20,10,0
2025-05-03T00:00:00.000Z,"192","12",20,10,0
2025-05-04T00:00:00.000Z,"202","12",20,10,0
2025-05-05T00:00:00.000Z,"195","12",20,10,0
2025-05-06T00:00:00.000Z,"183","12",20,10,0
2025-05-07T00:00:00.000Z,"177","12",20,10,0
2025-05-08T00:00:00.000Z,"174","12",20,10,0
2025-05-09T00:00:00.000Z,"170","12",20,10,0
2025-05-10T00:00:00.000Z,"166","12",20,10,0
2025-05-11T00:00:00.000Z,"171","12",20,10,0
2025-05-12T00:00:00.000Z,"185","12",20,10,0
2025-05-13T00:00:00.000Z,"183","12",20,10,0
2025-05-14T00:00:00.000Z,"175","12",20,10,0
2025-05-15T00:00:00.000Z,"163","12",20,10,0
2025-05-16T00:00:00.000Z,"159","12",20,10,0
2025-05-17T00:00:00.000Z,"153","12",20,10,0
2025-05-18T00:00:00.000Z,"148","12",20,10,0
2025-05-19T00:00:00.000Z,"150","12",20,10,0
2025-05-20T00:00:00.000Z,"145","12",20,10,0
2025-05-21T00:00:00.000Z,"145","12",20,10,0
2025-05-22T00:00:00.000Z,"162","12",20,10,0
2025-05-23T00:00:00.000Z,"152","12",20,10,0
2025-05-24T00:00:00.000Z,"148","12",20,10,0
2025-05-25T00:00:00.000Z,"150","12",20,10,0
2025-05-26T00:00:00.000Z,"154","12",20,10,0
2025-05-27T00:00:00.000Z,"145","12",20,10,0
2025-05-28T00:00:00.000Z,"146","12",20,10,0
2025-05-29T00:00:00.000Z,"138","12",20,10,0
2025-05-30T00:00:00.000Z,"139","12",20,10,0
2025-05-31T00:00:00.000Z,"136","12",20,10,0
2025-06-01T00:00:00.000Z,"141","12",20,10,0
2025-06-02T00:00:00.000Z,"130","12",20,10,0
2025-06-03T00:00:00.000Z,"128","12",20,10,0
2025-06-04T00:00:00.000Z,"123","12",20,10,0
2025-06-05T00:00:00.000Z,"128","12",20,10,0
2025-06-06T00:00:00.000Z,"146","12",20,10,0
2025-06-07T00:00:00.000Z,"137","12",20,10,0
2025-06-08T00:00:00.000Z,"136","12",20,10,0
2025-06-09T00:00:00.000Z,"129","12",20,10,0
2025-06-10T00:00:00.000Z,"127","12",20,10,0
2025-06-11T00:00:00.000Z,"120","12",20,10,0
2025-06-12T00:00:00.000Z,"121","12",20,10,0
2025-06-13T00:00:00.000Z,"113","12",20,10,0
2025-06-14T00:00:00.000Z,"115","12",20,10,0
2025-06-15T00:00:00.000Z,"111","12",20,10,0
2025-06-16T00:00:00.000Z,"107","12",20,10,0
2025-06-17T00:00:00.000Z,"109","12",20,10,0
2025-06-18T00:00:00.000Z,"106","12",20,10,0
2025-06-19T00:00:00.000Z,"104","12",20,10,0
2025-06-20T00:00:00.000Z,"111","12",20,10,0
2025-06-21T00:00:00.000Z,"96.9","12",20,10,0
2025-06-22T00:00:00.000Z,"92.7","12",20,10,0
2025-06-23T00:00:00.000Z,"94.4","12",20,10,0
2025-06-24T00:00:00.000Z,"84.9","12",20,10,0
2025-06-25T00:00:00.000Z,"84.5","12",20,10,0
2025-06-26T00:00:00.000Z,"126","12",20,10,0
2025-06-27T00:00:00.000Z,"105","12",20,10,0
2025-06-28T00:00:00.000Z,"92.1","12",20,10,0
2025-06-29T00:00:00.000Z,"92.7","12",20,10,0
2025-06-30T00:00:00.000Z,"75.8","12",20,10,0
2025-07-01T00:00:00.000Z,"73.4","12",20,10,0
2025-07-02T00:00:00.000Z,"76.7","12",20,10,0
2025-07-03T00:00:00.000Z,"77.8","12",20,10,0
2025-07-04T00:00:00.000Z,"77.3","12",20,10,0
2025-07-05T00:00:00.000Z,"83.0","12",20,10,0
2025-07-06T00:00:00.000Z,"107","12",20,10,0
2025-07-07T00:00:00.000Z,"117","12",20,10,0
2025-07-08T00:00:00.000Z,"126","12",20,10,0
2025-07-09T00:00:00.000Z,"129","12",20,10,0
2025-07-10T00:00:00.000Z,"103","12",20,10,0
2025-07-11T00:00:00.000Z,"103","12",20,10,0
2025-07-12T00:00:00.000Z,"103","12",20,10,0
2025-07-13T00:00:00.000Z,"98.0","12",20,10,0
2025-07-14T00:00:00.000Z,"96.8","12",20,10,0
2025-07-15T00:00:00.000Z,"102","12",20,10,0
2025-07-16T00:00:00.000Z,"98.8","12",20,10,0
2025-07-17T00:00:00.000Z,"100","12",20,10,0
2025-07-18T00:00:00.000Z,"99.7","12",20,10,0
2025-07-19T00:00:00.000Z,"102","12",20,10,0
2025-07-20T00:00:00.000Z,"118","12",20,10,0
2025-07-21T00:00:00.000Z,"134","12",20,10,0
2025-07-22T00:00:00.000Z,"145","12",20,10,0
2025-07-23T00:00:00.000Z,"116","12",20,10,0
2025-07-24T00:00:00.000Z,"202","12",20,10,0
2025-07-25T00:00:00.000Z,"171","12",20,10,0
2025-07-26T00:00:00.000Z,"140","12",20,10,0
2025-07-27T00:00:00.000Z,"140","12",20,10,0
2025-07-28T00:00:00.000Z,"139","12",20,10,0
2025-07-29T00:00:00.000Z,"128","12",20,10,0
2025-07-30T00:00:00.000Z,"129","12",20,10,0
2025-07-31T00:00:00.000Z,"130","12",20,10,0
2025-08-01T00:00:00.000Z,"129","12",20,10,0
2025-08-02T00:00:00.000Z,"125","12",20,10,0
2025-08-03T00:00:00.000Z,"124","12",20,10,0
2025-08-04T00:00:00.000Z,"130","12",20,10,0
2025-08-05T00:00:00.000Z,"127","12",20,10,0
2025-08-06T00:00:00.000Z,"117","12",20,10,0
2025-08-07T00:00:00.000Z,"118","12",20,10,0
2025-08-08T00:00:00.000Z,"117","12",20,10,0
2025-08-09T00:00:00.000Z,"117","12",20,10,0
2025-08-10T00:00:00.000Z,"112","12",20,10,0
2025-08-11T00:00:00.000Z,"105","12",20,10,0
2025-08-12T00:00:00.000Z,"105","12",20,10,0
2025-08-13T00:00:00.000Z,"102","12",20,10,0
2025-08-14T00:00:00.000Z,"109","12",20,10,0
2025-08-15T00:00:00.000Z,"98.4","12",20,10,0
2025-08-16T00:00:00.000Z,"101","12",20,10,0
2025-08-17T00:00:00.000Z,"99.4","12",20,10,0
2025-08-18T00:00:00.000Z,"98.1","4",16,8,0
2025-08-19T00:00:00.000Z,"97.9","12",20,10,0
2025-08-20T00:00:00.000Z,"114","12",20,10,0
2025-08-21T00:00:00.000Z,"139","12",20,10,0
2025-08-22T00:00:00.000Z,"124","12",20,10,0
2025-08-23T00:00:00.000Z,"123","12",20,10,0
2025-08-24T00:00:00.000Z,"121","12",20,10,0
2025-08-25T00:00:00.000Z,"117","12",20,10,0
2025-08-26T00:00:00.000Z,"117","12",20,10,0
2025-08-27T00:00:00.000Z,"107","12",20,10,0
2025-08-28T00:00:00.000Z,"116","12",20,10,0
2025-08-29T00:00:00.000Z,"132","12",20,10,0
2025-08-30T00:00:00.000Z,"133","12",20,10,0
2025-08-31T00:00:00.000Z,"123","12",20,10,0
2025-09-01T00:00:00.000Z,"136","12",20,10,0
2025-09-02T00:00:00.000Z,"140","12",20,10,0
2025-09-03T00:00:00.000Z,"149","12",20,10,0
2025-09-04T00:00:00.000Z,"140","12",20,10,0
2025-09-05T00:00:00.000Z,"145","12",20,10,0
2025-09-06T00:00:00.000Z,"142","12",20,10,0
2025-09-07T00:00:00.000Z,"142","12",20,10,0
2025-09-08T00:00:00.000Z,"147","12",20,10,0
2025-09-09T00:00:00.000Z,"131","12",20,10,0
2025-09-10T00:00:00.000Z,"135","12",20,10,0
2025-09-11T00:00:00.000Z,"142","12",20,10,0
2025-09-12T00:00:00.000Z,"145","12",20,10,0
2025-09-13T00:00:00.000Z,"142","12",20,10,0
2025-09-14T00:00:00.000Z,"156","12",20,10,0
2025-09-15T00:00:00.000Z,"153","12",20,10,0
2025-09-16T00:00:00.000Z,"149","12",20,10,0
2025-09-17T00:00:00.000Z,"143","12",20,10,0
2025-09-18T00:00:00.000Z,"144","12",20,10,0
2025-09-19T00:00:00.000Z,"140","12",20,10,0
2025-09-20T00:00:00.000Z,"146","12",20,10,0
2025-09-21T00:00:00.000Z,"158","12",20,10,0
2025-09-22T00:00:00.000Z,"155","12",20,10,0
2025-09-23T00:00:00.000Z,"210","12",16,10,0
2025-09-24T00:00:00.000Z,"249","12",16,10,0
2025-09-25T00:00:00.000Z,"268","12",16,10,0
2025-09-26T00:00:00.000Z,"285","12",16,10,0
2025-09-27T00:00:00.000Z,"312","12",16,10,0
2025-09-28T00:00:00.000Z,"313","12",16,10,0
2025-09-29T00:00:00.000Z,"340","12",16,10,0
2025-09-30T00:00:00.000Z,"328","12",16,10,0
2025-10-01T00:00:00.000Z,"330","12",16,10,0
2025-10-02T00:00:00.000Z,"319","12",16,10,0
2025-10-03T00:00:00.000Z,"314","12",16,10,0
2025-10-04T00:00:00.000Z,"334","12",16,10,0
2025-10-05T00:00:00.000Z,"328","12",16,10,0
2025-10-06T00:00:00.000Z,"327","12",16,10,0
2025-10-07T00:00:00.000Z,"319","12",16,10,0
2025-10-08T00:00:00.000Z,"303","12",16,10,0
2025-10-09T00:00:00.000Z,"282","12",16,10,0
2025-10-10T00:00:00.000Z,"278","12",16,10,0
2025-10-11T00:00:00.000Z,"271","12",16,10,0
2025-10-12T00:00:00.000Z,"252","12",16,10,0
2025-10-13T00:00:00.000Z,"256","12",16,10,0
2025-10-14T00:00:00.000Z,"250","12",16,10,0
2025-10-15T00:00:00.000Z,"249","12",16,10,0
2025-10-16T00:00:00.000Z,"239","12",16,10,0
2025-10-17T00:00:00.000Z,"242","12",16,10,0
2025-10-18T00:00:00.000Z,"234","12",16,10,0
2025-10-19T00:00:00.000Z,"232","12",16,10,0
2025-10-20T00:00:00.000Z,"239","12",16,10,0
2025-10-21T00:00:00.000Z,"236","12",20,10,0
2025-10-22T00:00:00.000Z,"230","12",20,10,0
2025-10-23T00:00:00.000Z,"230","12",20,10,0
2025-10-24T00:00:00.000Z,"235","12",20,10,0
2025-10-25T00:00:00.000Z,"277","12",20,10,0
2025-10-26T00:00:00.000Z,"292","12",20,10,0
2025-10-27T00:00:00.000Z,"286","12",20,10,0
2025-10-28T00:00:00.000Z,"319","12",20,10,0
2025-10-29T00:00:00.000Z,"376","12",20,10,0
2025-10-30T00:00:00.000Z,"403","12",20,10,0
2025-10-31T00:00:00.000Z,"415","12",20,10,0
2025-11-01T00:00:00.000Z,"407","12",20,10,0
2025-11-02T00:00:00.000Z,"411","12",20,10,0
2025-11-03T00:00:00.000Z,"408","12",20,10,0
2025-11-04T00:00:00.000Z,"410","12",20,10,0
2025-11-05T00:00:00.000Z,"397","12",20,10,0
2025-11-06T00:00:00.000Z,"384","12",20,10,0
2025-11-07T00:00:00.000Z,"378","12",20,10,0
2025-11-08T00:00:00.000Z,"360","12",20,10,0
2025-11-09T00:00:00.000Z,"357","12",20,10,0
2025-11-10T00:00:00.000Z,"338","12",20,10,0
2025-11-11T00:00:00.000Z,"326","12",20,10,0
2025-11-12T00:00:00.000Z,"310","12",20,10,0
2025-11-13T00:00:00.000Z,"284","12",20,10,0
2025-11-14T00:00:00.000Z,"266","12",20,10,0
2025-11-15T00:00:00.000Z,"249","12",20,10,0
2025-11-16T00:00:00.000Z,"260","12",20,10,0
2025-11-17T00:00:00.000Z,"260","12",20,10,0
2025-11-18T00:00:00.000Z,"239","12",20,10,0
2025-11-19T00:00:00.000Z,"271","12",20,10,0
2025-11-20T00:00:00.000Z,"274","12",20,10,0
2025-11-21T00:00:00.000Z,"265","12",20,10,0
2025-11-22T00:00:00.000Z,"247","12",20,10,0
2025-11-23T00:00:00.000Z,"264","12",20,10,0
2025-11-24T00:00:00.000Z,"272","12",20,10,0
2025-11-25T00:00:00.000Z,"310","12",20,10,0
2025-11-26T00:00:00.000Z,"367","12",20,10,0
2025-11-27T00:00:00.000Z,"396","12",20,10,0
2025-11-28T00:00:00.000Z,"452","12",20,10,0
2025-11-29T00:00:00.000Z,"441","12",20,10,0
2025-11-30T00:00:00.000Z,"437","12",20,10,0
2025-12-01T00:00:00.000Z,"443","12",20,10,0
2025-12-02T00:00:00.000Z,"451","12",20,10,0
2025-12-03T00:00:00.000Z,"452","12",20,10,0
2025-12-04T00:00:00.000Z,"432","12",20,10,0
2025-12-05T00:00:00.000Z,"420","12",20,10,0
2025-12-06T00:00:00.000Z,"415","12",20,10,0
2025-12-07T00:00:00.000Z,"429","12",20,10,0
2025-12-08T00:00:00.000Z,"466","12",20,10,0
2025-12-09T00:00:00.000Z,"542","12",20,10,0
2025-12-10T00:00:00.000Z,"574","12",20,10,0
2025-12-11T00:00:00.000Z,"574","12",20,10,0
2025-12-12T00:00:00.000Z,"564","12",20,10,0
2025-12-13T00:00:00.000Z,"571","12",20,10,0
2025-12-14T00:00:00.000Z,"546","12",20,10,0
2025-12-15T00:00:00.000Z,"530","12",20,10,0
2025-12-16T00:00:00.000Z,"505","12",20,10,0
2025-12-17T00:00:00.000Z,"477","12",20,10,0
2025-12-18T00:00:00.000Z,"450","12",20,10,0
2025-12-19T00:00:00.000Z,"431","12",20,10,0
2025-12-20T00:00:00.000Z,"397","12",20,10,0
2025-12-21T00:00:00.000Z,"408","12",20,10,0
2025-12-22T00:00:00.000Z,"411","12",20,10,0
2025-12-23T00:00:00.000Z,"386","12",20,10,0
2025-12-24T00:00:00.000Z,"371","12",20,10,0
2025-12-25T00:00:00.000Z,"337","12",20,10,0
2025-12-26T00:00:00.000Z,"305","12",20,10,0
2025-12-27T00:00:00.000Z,"296","12",20,10,0
2025-12-28T00:00:00.000Z,"278","12",20,10,0
2025-12-29T00:00:00.000Z,"258","12",20,10,0
2025-12-30T00:00:00.000Z,"239","12",20,10,0
2025-12-31T00:00:00.000Z,"234","12",20,10,0