latitude,longitude,elevation,utc_offset_seconds,timezone,timezone_abbreviation
48.822495,2.2881355,43.0,7200,Europe/Berlin,GMT+2

time,precipitation_sum (mm),temperature_2m_mean (°C),et0_fao_evapotranspiration (mm)
2021-01-01,0.00,0.3,0.32
2021-01-02,0.00,0.4,0.29
2021-01-03,0.20,1.8,0.27
2021-01-04,0.30,1.8,0.22
2021-01-05,0.50,1.8,0.25
2021-01-06,0.60,2.3,0.23
2021-01-07,0.50,1.6,0.25
2021-01-08,0.00,0.6,0.34
2021-01-09,0.00,0.4,0.42
2021-01-10,0.00,-0.2,0.36
2021-01-11,0.00,1.4,0.29
2021-01-12,9.10,6.6,0.41
2021-01-13,1.80,7.3,0.30
2021-01-14,5.70,8.7,0.47
2021-01-15,0.70,1.7,0.67
2021-01-16,7.20,0.5,0.28
2021-01-17,1.00,4.5,0.45
2021-01-18,0.00,4.2,0.63
2021-01-19,5.10,5.5,0.65
2021-01-20,0.30,9.2,2.09
2021-01-21,9.50,8.9,1.14
2021-01-22,5.40,5.3,0.52
2021-01-23,5.60,3.0,0.28
2021-01-24,3.30,1.0,0.25
2021-01-25,0.40,2.2,0.65
2021-01-26,0.30,1.5,0.62
2021-01-27,4.20,5.4,0.40
2021-01-28,8.40,11.2,0.74
2021-01-29,3.60,10.1,1.15
2021-01-30,11.90,9.4,0.71
2021-01-31,10.60,8.5,0.40
2021-02-01,2.20,8.5,0.61
2021-02-02,2.20,10.9,0.93
2021-02-03,4.60,10.7,1.09
2021-02-04,2.50,8.0,0.56
2021-02-05,0.30,8.1,0.68
2021-02-06,16.50,7.3,0.31
2021-02-07,3.90,3.7,0.36
2021-02-08,0.20,-0.5,0.55
2021-02-09,0.20,-2.0,0.59
2021-02-10,2.60,-3.3,1.13
2021-02-11,0.00,-3.2,1.17
2021-02-12,0.00,-2.3,1.34
2021-02-13,0.00,-3.5,1.38
2021-02-14,0.00,-1.6,1.46
2021-02-15,4.00,4.2,0.82
2021-02-16,1.30,7.7,1.12
2021-02-17,0.00,9.1,0.98
2021-02-18,6.80,8.6,0.87
2021-02-19,0.00,8.3,1.00
2021-02-20,0.00,12.2,2.24
2021-02-21,0.00,11.4,2.19
2021-02-22,0.30,11.7,1.47
2021-02-23,0.00,13.0,1.71
2021-02-24,0.00,12.8,1.89
2021-02-25,0.10,12.0,1.67
2021-02-26,3.10,8.9,1.29
2021-02-27,0.00,5.1,1.55
2021-02-28,0.00,5.5,1.60
2021-03-01,0.00,5.9,1.69
2021-03-02,0.00,7.4,1.81
2021-03-03,1.10,10.0,1.73
2021-03-04,0.70,8.9,1.13
2021-03-05,0.00,4.5,1.30
2021-03-06,0.00,3.5,2.11
2021-03-07,0.00,2.3,1.75
2021-03-08,0.00,2.2,1.62
2021-03-09,0.10,4.8,1.59
2021-03-10,1.40,5.3,1.37
2021-03-11,2.50,10.2,1.95
2021-03-12,5.20,7.5,1.71
2021-03-13,6.70,7.8,1.78
2021-03-14,1.90,6.4,1.71
2021-03-15,5.50,8.3,1.59
2021-03-16,3.10,7.0,0.55
2021-03-17,2.30,7.1,1.35
2021-03-18,1.80,5.3,0.79
2021-03-19,2.40,5.3,1.77
2021-03-20,0.00,3.7,1.54
2021-03-21,0.70,6.1,1.40
2021-03-22,0.00,5.3,1.50
2021-03-23,0.00,6.5,2.21
2021-03-24,0.00,8.5,2.72
2021-03-25,0.50,8.5,1.38
2021-03-26,2.70,8.9,2.13
2021-03-27,0.10,7.5,1.86
2021-03-28,0.00,9.6,2.79
2021-03-29,0.00,11.9,3.27
2021-03-30,0.00,13.3,3.35
2021-03-31,0.00,15.1,3.53
2021-04-01,0.00,15.8,3.70
2021-04-02,0.00,9.4,2.95
2021-04-03,0.00,6.8,2.42
2021-04-04,0.00,6.5,2.58
2021-04-05,1.10,5.0,1.09
2021-04-06,0.90,2.3,2.21
2021-04-07,0.00,3.4,2.42
2021-04-08,0.00,6.4,2.36
2021-04-09,4.90,9.0,2.48
2021-04-10,16.40,10.2,1.14
2021-04-11,1.90,6.1,1.20
2021-04-12,0.10,5.0,2.39
2021-04-13,0.00,5.3,2.82
2021-04-14,0.00,5.6,2.74
2021-04-15,0.30,5.5,2.69
2021-04-16,0.00,5.7,2.18
2021-04-17,0.00,8.6,2.93
2021-04-18,0.00,7.6,2.35
2021-04-19,0.00,9.2,3.00
2021-04-20,0.20,11.3,3.21
2021-04-21,0.70,11.3,3.19
2021-04-22,0.00,10.8,3.87
2021-04-23,0.00,11.2,4.42
2021-04-24,0.00,12.1,4.67
2021-04-25,0.00,11.2,4.53
2021-04-26,0.00,11.3,4.77
2021-04-27,0.00,11.5,4.42
2021-04-28,0.70,11.8,2.90
2021-04-29,0.80,9.8,2.64
2021-04-30,0.10,9.3,2.40
2021-05-01,3.50,8.5,1.59
2021-05-02,1.70,8.5,3.03
2021-05-03,0.00,10.4,3.62
2021-05-04,2.80,11.0,2.63
2021-05-05,2.00,8.9,3.04
2021-05-06,5.90,8.3,1.23
2021-05-07,0.10,9.8,3.35
2021-05-08,0.60,13.9,3.23
2021-05-09,0.50,18.8,5.00
2021-05-10,4.90,15.0,3.53
2021-05-11,0.70,12.2,2.48
2021-05-12,1.30,11.6,2.72
2021-05-13,4.10,11.4,2.70
2021-05-14,1.50,10.5,2.30
2021-05-15,4.00,11.5,2.24
2021-05-16,6.70,12.3,2.56
2021-05-17,5.20,12.0,2.68
2021-05-18,0.80,12.0,3.02
2021-05-19,5.30,11.2,2.77
2021-05-20,0.00,12.0,2.95
2021-05-21,0.40,13.6,4.12
2021-05-22,2.60,12.2,3.87
2021-05-23,0.10,12.3,3.46
2021-05-24,5.20,12.2,3.52
2021-05-25,2.50,11.2,3.25
2021-05-26,8.50,11.7,2.12
2021-05-27,0.00,13.0,3.84
2021-05-28,0.00,14.7,4.41
2021-05-29,0.00,15.8,4.36
2021-05-30,0.00,16.7,5.23
2021-05-31,0.00,17.5,5.65
2021-06-01,0.00,19.0,5.57
2021-06-02,3.10,19.9,4.10
2021-06-03,2.50,20.6,3.70
2021-06-04,11.50,17.2,2.01
2021-06-05,0.40,16.5,3.42
2021-06-06,0.00,17.0,4.04
2021-06-07,0.00,18.1,4.02
2021-06-08,0.00,18.5,4.60
2021-06-09,0.00,20.1,5.05
2021-06-10,0.00,20.7,5.02
2021-06-11,0.10,20.3,4.87
2021-06-12,0.00,19.1,4.05
2021-06-13,0.00,19.9,5.90
2021-06-14,0.00,21.7,6.09
2021-06-15,0.00,22.9,5.66
2021-06-16,0.00,25.3,6.14
2021-06-17,6.50,24.0,4.49
2021-06-18,4.00,22.1,4.45
2021-06-19,8.70,20.0,2.74
2021-06-20,0.90,19.4,3.64
2021-06-21,1.20,19.6,4.26
2021-06-22,10.30,16.0,2.48
2021-06-23,0.50,14.6,2.29
2021-06-24,0.00,15.2,3.11
2021-06-25,11.10,15.7,3.02
2021-06-26,9.80,17.4,2.52
2021-06-27,6.90,18.5,2.36
2021-06-28,5.20,18.2,3.56
2021-06-29,4.60,15.3,2.38
2021-06-30,3.40,15.2,1.80
2021-07-01,0.10,16.5,2.69
2021-07-02,0.90,19.2,4.04
2021-07-03,1.00,20.2,3.69
2021-07-04,16.30,17.6,2.62
2021-07-05,5.00,17.8,2.55
2021-07-06,3.60,18.5,4.34
2021-07-07,0.70,17.3,3.69
2021-07-08,0.70,17.4,3.69
2021-07-09,0.10,17.8,3.44
2021-07-10,3.20,17.2,2.05
2021-07-11,0.40,17.9,3.52
2021-07-12,11.50,17.8,2.39
2021-07-13,24.80,16.7,1.26
2021-07-14,8.00,17.0,1.95
2021-07-15,0.00,19.7,4.15
2021-07-16,0.20,17.2,2.71
2021-07-17,0.00,18.3,3.31
2021-07-18,0.00,21.4,5.47
2021-07-19,0.00,22.4,5.46
2021-07-20,0.00,21.8,5.30
2021-07-21,0.20,21.9,5.06
2021-07-22,0.00,22.2,5.61
2021-07-23,0.00,22.8,5.21
2021-07-24,0.40,21.6,4.56
2021-07-25,9.80,18.7,2.81
2021-07-26,3.40,18.5,2.78
2021-07-27,5.50,17.9,1.79
2021-07-28,0.20,18.7,4.13
2021-07-29,0.00,18.4,3.96
2021-07-30,0.10,18.5,4.26
2021-07-31,0.20,17.8,3.77
2021-08-01,0.80,17.8,4.29
2021-08-02,3.20,17.7,3.35
2021-08-03,2.00,16.2,2.35
2021-08-04,4.60,15.6,2.34
2021-08-05,1.20,18.1,3.15
2021-08-06,1.00,18.5,3.58
2021-08-07,1.30,17.5,3.70
2021-08-08,0.10,17.1,4.04
2021-08-09,0.70,17.5,2.91
2021-08-10,1.90,19.3,3.13
2021-08-11,0.00,19.8,4.09
2021-08-12,0.00,21.5,4.30
2021-08-13,0.00,21.4,4.60
2021-08-14,0.00,21.4,4.90
2021-08-15,0.10,22.5,4.98
2021-08-16,1.30,18.2,3.11
2021-08-17,0.20,16.6,2.61
2021-08-18,0.80,18.0,2.36
2021-08-19,0.10,17.4,1.97
2021-08-20,0.00,18.8,2.96
2021-08-21,0.10,20.2,3.53
2021-08-22,0.40,18.5,3.35
2021-08-23,0.50,18.0,2.57
2021-08-24,0.00,18.8,4.40
2021-08-25,0.00,18.5,4.78
2021-08-26,0.20,16.6,2.44
2021-08-27,0.00,17.0,3.53
2021-08-28,0.70,16.1,2.66
2021-08-29,0.50,16.1,2.49
2021-08-30,0.40,17.5,2.68
2021-08-31,0.20,18.0,3.32
2021-09-01,0.00,17.5,3.59
2021-09-02,0.00,18.0,4.27
2021-09-03,0.50,19.7,3.78
2021-09-04,2.10,20.7,2.92
2021-09-05,0.80,21.7,3.41
2021-09-06,0.00,21.9,4.12
2021-09-07,0.00,22.3,5.02
2021-09-08,0.00,23.3,4.46
2021-09-09,2.30,22.1,3.31
2021-09-10,10.20,19.5,1.92
2021-09-11,0.00,17.8,2.76
2021-09-12,0.00,17.3,2.58
2021-09-13,0.00,18.6,3.00
2021-09-14,11.40,20.0,1.76
2021-09-15,20.20,18.9,1.51
2021-09-16,0.00,17.1,2.23
2021-09-17,0.00,16.9,2.89
2021-09-18,0.40,17.1,2.49
2021-09-19,0.80,17.3,2.15
2021-09-20,12.30,16.0,1.42
2021-09-21,0.00,14.3,2.17
2021-09-22,0.00,13.8,2.65
2021-09-23,0.00,14.9,2.74
2021-09-24,0.00,15.9,1.67
2021-09-25,0.50,16.4,2.22
2021-09-26,2.90,17.3,1.57
2021-09-27,3.60,15.9,1.36
2021-09-28,0.00,13.7,2.25
2021-09-29,4.90,13.3,2.26
2021-09-30,0.00,11.9,2.21
2021-10-01,4.90,12.8,1.73
2021-10-02,6.50,14.9,1.48
2021-10-03,20.80,15.4,1.38
2021-10-04,0.20,12.9,2.27
2021-10-05,5.60,13.4,1.44
2021-10-06,0.00,12.8,2.42
2021-10-07,0.00,12.0,1.24
2021-10-08,0.00,12.4,2.06
2021-10-09,0.00,12.4,1.96
2021-10-10,0.00,11.2,1.93
2021-10-11,0.00,12.6,1.65
2021-10-12,0.00,10.8,1.49
2021-10-13,0.00,9.9,1.49
2021-10-14,0.00,9.0,1.65
2021-10-15,0.00,10.6,1.44
2021-10-16,0.00,10.5,1.66
2021-10-17,0.00,9.2,1.47
2021-10-18,1.00,11.5,1.19
2021-10-19,2.40,17.6,2.42
2021-10-20,1.40,17.5,2.16
2021-10-21,5.50,11.1,1.52
2021-10-22,0.10,8.2,1.27
2021-10-23,0.10,9.9,1.27
2021-10-24,0.00,7.7,1.35
2021-10-25,2.20,10.6,0.91
2021-10-26,0.00,11.3,0.94
2021-10-27,0.00,11.2,1.29
2021-10-28,0.00,11.3,1.64
2021-10-29,5.60,12.9,1.22
2021-10-30,7.30,12.9,0.56
2021-10-31,3.40,12.1,0.84
2021-11-01,5.60,9.9,1.17
2021-11-02,1.00,8.9,0.96
2021-11-03,7.30,7.9,0.91
2021-11-04,0.90,7.0,0.79
2021-11-05,1.80,7.6,0.86
2021-11-06,0.00,5.5,0.88
2021-11-07,0.40,9.7,0.89
2021-11-08,0.00,7.8,0.87
2021-11-09,0.00,5.0,0.69
2021-11-10,0.00,4.3,0.50
2021-11-11,0.00,4.2,0.54
2021-11-12,0.00,5.9,0.72
2021-11-13,0.60,11.2,0.63
2021-11-14,0.10,10.1,0.59
2021-11-15,0.00,6.7,0.53
2021-11-16,0.10,7.0,0.37
2021-11-17,0.50,8.8,0.51
2021-11-18,0.00,5.4,0.51
2021-11-19,0.00,8.1,0.46
2021-11-20,0.00,8.1,0.39
2021-11-21,1.30,6.8,0.30
2021-11-22,0.00,4.6,0.70
2021-11-23,0.00,3.4,0.88
2021-11-24,0.00,3.9,0.38
2021-11-25,0.10,3.5,0.31
2021-11-26,2.20,4.4,0.46
2021-11-27,2.80,2.9,0.41
2021-11-28,1.40,3.8,0.67
2021-11-29,0.00,1.6,0.49
2021-11-30,3.00,5.6,0.58
2021-12-01,4.90,8.4,0.81
2021-12-02,0.60,3.7,0.69
2021-12-03,8.60,2.7,0.22
2021-12-04,6.20,8.7,0.59
2021-12-05,3.80,4.0,0.37
2021-12-06,4.40,4.8,0.42
2021-12-07,2.30,5.4,0.43
2021-12-08,1.00,4.6,0.62
2021-12-09,0.90,3.8,0.50
2021-12-10,11.90,5.9,0.85
2021-12-11,0.20,4.6,0.51
2021-12-12,0.50,8.3,0.23
2021-12-13,0.00,7.6,0.25
2021-12-14,0.00,4.9,0.23
2021-12-15,0.00,6.8,0.34
2021-12-16,0.00,7.2,0.37
2021-12-17,0.00,6.1,0.41
2021-12-18,0.00,4.6,0.46
2021-12-19,0.00,5.1,0.23
2021-12-20,0.20,4.9,0.40
2021-12-21,0.00,0.1,0.38
2021-12-22,0.00,-2.6,0.27
2021-12-23,0.00,3.1,0.48
2021-12-24,7.00,7.5,0.24
2021-12-25,0.70,8.0,0.27
2021-12-26,4.70,8.0,0.28
2021-12-27,4.50,9.3,0.44
2021-12-28,11.10,11.1,1.24
2021-12-29,4.90,12.2,0.52
2021-12-30,0.10,13.0,0.54
2021-12-31,0.00,10.6,0.57
2022-01-01,0.00,9.4,0.55
2022-01-02,1.20,11.6,1.09
2022-01-03,4.30,11.0,0.68
2022-01-04,18.40,8.9,0.41
2022-01-05,0.10,3.2,0.73
2022-01-06,0.10,2.2,0.61
2022-01-07,6.00,5.1,0.79
2022-01-08,9.80,5.8,0.39
2022-01-09,2.90,4.6,0.60
2022-01-10,0.00,2.7,0.25
2022-01-11,0.00,-0.2,0.39
2022-01-12,0.00,0.4,0.24
2022-01-13,0.00,2.3,0.27
2022-01-14,0.00,0.9,0.51
2022-01-15,0.00,0.6,0.31
2022-01-16,0.60,1.8,0.22
2022-01-17,0.10,5.2,0.33
2022-01-18,0.00,3.7,0.58
2022-01-19,2.00,4.1,0.34
2022-01-20,0.30,3.7,0.52
2022-01-21,0.00,2.6,0.38
2022-01-22,0.00,3.9,0.42
2022-01-23,0.20,3.8,0.39
2022-01-24,0.00,1.5,0.62
2022-01-25,0.00,-0.3,0.25
2022-01-26,0.00,1.0,0.26
2022-01-27,0.40,3.6,0.47
2022-01-28,0.10,5.2,0.42
2022-01-29,0.40,8.1,0.45
2022-01-30,0.30,7.8,0.80
2022-01-31,0.60,6.3,1.42
2022-02-01,0.80,6.0,0.50
2022-02-02,0.10,9.5,0.65
2022-02-03,0.00,6.5,0.55
2022-02-04,0.90,7.0,0.63
2022-02-05,0.00,5.4,1.15
2022-02-06,4.40,8.3,0.91
2022-02-07,0.20,6.5,1.24
2022-02-08,0.00,8.2,0.76
2022-02-09,0.00,5.3,0.94
2022-02-10,2.40,6.9,0.55
2022-02-11,0.00,3.5,0.82
2022-02-12,0.00,2.2,1.12
2022-02-13,0.00,5.9,1.62
2022-02-14,1.60,8.9,1.39
2022-02-15,1.30,6.8,0.98
2022-02-16,6.40,11.6,0.89
2022-02-17,0.60,11.5,2.09
2022-02-18,1.70,10.0,1.23
2022-02-19,0.50,6.1,1.98
2022-02-20,0.20,9.9,1.47
2022-02-21,2.20,8.0,1.90
2022-02-22,0.10,8.4,1.04
2022-02-23,0.10,7.8,1.05
2022-02-24,3.00,8.0,1.27
2022-02-25,0.50,5.2,1.60
2022-02-26,0.00,3.4,1.57
2022-02-27,0.00,3.8,1.79
2022-02-28,0.00,3.7,1.66
2022-03-01,0.30,5.2,0.74
2022-03-02,0.00,6.4,1.05
2022-03-03,0.40,7.8,0.93
2022-03-04,2.10,7.9,0.74
2022-03-05,0.00,7.0,1.29
2022-03-06,0.00,4.2,1.81
2022-03-07,0.00,2.5,1.86
2022-03-08,0.00,4.5,2.04
2022-03-09,0.00,7.8,2.00
2022-03-10,0.00,9.3,2.27
2022-03-11,2.70,9.6,1.35
2022-03-12,2.70,8.2,0.90
2022-03-13,5.50,8.4,1.08
2022-03-14,0.00,8.4,2.01
2022-03-15,9.10,9.5,0.76
2022-03-16,0.40,11.4,1.73
2022-03-17,0.50,8.8,1.80
2022-03-18,0.00,7.9,2.88
2022-03-19,0.00,10.0,3.28
2022-03-20,0.00,6.8,2.51
2022-03-21,0.00,10.2,2.43
2022-03-22,0.00,10.7,2.97
2022-03-23,0.00,9.7,2.96
2022-03-24,0.00,10.5,3.04
2022-03-25,0.00,11.2,3.41
2022-03-26,0.00,11.3,3.48
2022-03-27,0.00,12.0,3.23
2022-03-28,0.00,11.8,2.93
2022-03-29,5.90,11.4,1.46
2022-03-30,16.80,10.1,1.39
2022-03-31,1.10,5.6,1.32
2022-04-01,3.40,2.4,1.35
2022-04-02,0.00,3.3,2.34
2022-04-03,0.00,3.8,2.22
2022-04-04,0.10,4.6,1.87
2022-04-05,1.00,10.0,1.25
2022-04-06,0.50,9.7,1.67
2022-04-07,2.80,11.3,2.17
2022-04-08,30.80,6.3,0.90
2022-04-09,1.40,5.5,1.87
2022-04-10,0.00,6.5,2.90
2022-04-11,0.00,10.8,3.33
2022-04-12,0.00,14.4,2.97
2022-04-13,7.90,13.1,1.41
2022-04-14,0.30,13.7,3.02
2022-04-15,0.00,13.7,3.42
2022-04-16,0.00,12.8,3.46
2022-04-17,0.00,12.2,3.94
2022-04-18,0.00,12.4,3.28
2022-04-19,0.20,12.0,3.11
2022-04-20,0.00,12.4,3.85
2022-04-21,0.00,12.7,4.19
2022-04-22,0.00,13.8,3.82
2022-04-23,1.90,13.3,2.86
2022-04-24,0.20,13.4,3.26
2022-04-25,1.10,12.1,3.54
2022-04-26,0.20,10.4,2.53
2022-04-27,0.00,11.7,3.41
2022-04-28,0.00,14.2,4.26
2022-04-29,4.40,13.7,3.69
2022-04-30,0.00,11.2,3.37
2022-05-01,0.00,10.7,3.09
2022-05-02,0.10,12.9,3.05
2022-05-03,0.00,13.9,4.05
2022-05-04,0.00,12.9,2.56
2022-05-05,0.30,13.4,2.94
2022-05-06,0.00,15.0,4.02
2022-05-07,0.90,15.0,3.39
2022-05-08,0.20,15.8,4.15
2022-05-09,0.00,17.2,4.44
2022-05-10,0.00,19.9,4.98
2022-05-11,0.00,18.5,5.06
2022-05-12,0.00,16.1,3.58
2022-05-13,0.00,14.9,4.60
2022-05-14,0.00,16.0,4.60
2022-05-15,0.50,20.5,5.40
2022-05-16,0.50,20.0,4.52
2022-05-17,0.90,22.1,5.16
2022-05-18,0.00,21.7,5.13
2022-05-19,0.60,21.6,4.19
2022-05-20,20.20,17.4,2.28
2022-05-21,0.00,16.8,3.83
2022-05-22,0.10,18.2,3.75
2022-05-23,9.00,16.7,1.88
2022-05-24,9.70,13.5,3.45
2022-05-25,0.00,14.5,4.13
2022-05-26,0.20,16.3,3.12
2022-05-27,0.90,15.7,3.08
2022-05-28,0.10,14.3,4.27
2022-05-29,0.20,11.8,3.10
2022-05-30,0.00,12.7,3.54
2022-05-31,0.10,15.1,4.50
2022-06-01,0.00,14.9,4.90
2022-06-02,0.00,17.1,5.35
2022-06-03,5.90,17.9,3.22
2022-06-04,3.40,19.9,4.35
2022-06-05,3.40,18.8,3.89
2022-06-06,0.40,16.4,3.49
2022-06-07,1.80,17.4,3.62
2022-06-08,23.50,16.6,3.07
2022-06-09,0.10,15.9,3.80
2022-06-10,0.00,18.0,3.83
2022-06-11,0.00,19.1,4.64
2022-06-12,0.00,17.5,5.21
2022-06-13,0.00,16.5,5.04
2022-06-14,0.00,18.6,5.39
2022-06-15,0.00,21.7,5.97
2022-06-16,0.00,22.2,6.10
2022-06-17,0.00,24.6,5.98
2022-06-18,0.00,28.0,7.19
2022-06-19,1.70,20.9,4.97
2022-06-20,20.40,17.9,3.72
2022-06-21,1.60,19.1,4.74
2022-06-22,0.20,19.4,3.33
2022-06-23,6.30,21.3,4.78
2022-06-24,4.00,19.8,4.26
2022-06-25,10.20,16.7,1.63
2022-06-26,0.60,16.3,3.63
2022-06-27,3.70,17.2,3.97
2022-06-28,0.00,18.4,5.16
2022-06-29,0.00,18.7,5.01
2022-06-30,10.60,15.3,1.54
2022-07-01,0.20,15.8,3.72
2022-07-02,0.00,18.0,5.27
2022-07-03,0.00,17.9,5.04
2022-07-04,0.00,18.0,5.39
2022-07-05,0.00,18.2,5.45
2022-07-06,0.00,18.7,4.84
2022-07-07,0.10,18.7,3.81
2022-07-08,0.00,18.4,5.49
2022-07-09,0.00,21.3,5.94
2022-07-10,0.00,19.8,5.92
2022-07-11,0.00,22.4,6.22
2022-07-12,0.00,24.5,5.86
2022-07-13,0.00,26.8,6.50
2022-07-14,0.00,24.3,6.88
2022-07-15,0.00,21.0,6.30
2022-07-16,0.00,21.7,6.43
2022-07-17,0.00,23.7,6.74
2022-07-18,0.00,27.5,6.98
2022-07-19,0.00,30.3,9.15
2022-07-20,12.70,21.5,2.93
2022-07-21,0.10,20.8,3.95
2022-07-22,7.40,20.3,2.78
2022-07-23,2.60,21.0,4.05
2022-07-24,0.00,23.5,5.70
2022-07-25,1.20,22.4,5.11
2022-07-26,0.30,19.0,3.39
2022-07-27,0.00,19.4,4.31
2022-07-28,0.20,20.4,4.85
2022-07-29,0.00,22.0,5.31
2022-07-30,0.00,23.6,5.43
2022-07-31,0.00,22.4,4.79
2022-08-01,0.20,21.7,3.47
2022-08-02,0.00,23.1,5.13
2022-08-03,0.00,26.5,5.47
2022-08-04,1.90,23.7,4.57
2022-08-05,3.20,20.5,4.89
2022-08-06,0.00,18.5,6.06
2022-08-07,0.00,20.1,6.24
2022-08-08,0.00,21.4,6.47
2022-08-09,0.00,23.3,6.66
2022-08-10,0.00,25.5,7.20
2022-08-11,0.00,25.4,7.26
2022-08-12,0.00,25.4,6.79
2022-08-13,0.00,25.2,6.59
2022-08-14,3.40,21.6,2.83
2022-08-15,2.70,20.6,3.28
2022-08-16,17.20,20.5,2.66
2022-08-17,5.90,20.4,3.07
2022-08-18,5.80,20.7,3.79
2022-08-19,4.70,20.0,2.58
2022-08-20,0.00,18.6,4.01
2022-08-21,0.00,19.7,3.84
2022-08-22,0.00,21.1,3.24
2022-08-23,0.20,22.9,3.40
2022-08-24,0.00,24.3,4.67
2022-08-25,0.20,23.5,4.73
2022-08-26,0.60,21.3,4.22
2022-08-27,0.00,20.0,4.58
2022-08-28,0.00,20.1,3.70
2022-08-29,0.00,22.2,5.39
2022-08-30,1.50,20.9,3.67
2022-08-31,0.00,21.3,4.30
2022-09-01,0.00,22.0,3.96
2022-09-02,3.20,19.9,2.47
2022-09-03,3.10,19.1,2.74
2022-09-04,0.00,21.5,4.30
2022-09-05,0.30,21.9,3.57
2022-09-06,8.20,20.6,3.48
2022-09-07,6.10,18.1,2.17
2022-09-08,1.30,17.6,3.08
2022-09-09,6.70,17.0,2.80
2022-09-10,2.10,16.3,1.63
2022-09-11,0.00,16.3,2.79
2022-09-12,0.00,19.1,3.59
2022-09-13,1.80,20.5,2.24
2022-09-14,6.70,20.9,2.63
2022-09-15,0.90,18.4,2.78
2022-09-16,0.50,14.6,2.38
2022-09-17,0.00,11.8,2.77
2022-09-18,0.00,12.6,2.87
2022-09-19,0.00,12.9,2.64
2022-09-20,0.00,12.3,2.19
2022-09-21,0.00,12.8,2.62
2022-09-22,0.00,12.8,2.67
2022-09-23,0.00,14.3,1.79
2022-09-24,3.00,14.1,1.32
2022-09-25,0.00,13.8,2.37
2022-09-26,5.90,12.4,1.47
2022-09-27,4.80,11.5,1.20
2022-09-28,2.40,11.9,1.68
2022-09-29,0.90,10.9,1.45
2022-09-30,0.50,11.6,2.61
2022-10-01,7.00,16.1,2.66
2022-10-02,12.40,15.5,1.16
2022-10-03,0.00,12.0,1.50
2022-10-04,0.00,12.6,1.96
2022-10-05,0.00,16.0,2.54
2022-10-06,0.00,14.1,2.06
2022-10-07,0.00,11.9,1.89
2022-10-08,0.00,12.6,1.97
2022-10-09,0.00,10.9,2.03
2022-10-10,2.50,14.0,1.48
2022-10-11,0.00,12.4,1.95
2022-10-12,0.00,11.8,1.68
2022-10-13,10.10,13.8,0.73
2022-10-14,5.20,15.1,0.52
2022-10-15,2.60,16.1,1.40
2022-10-16,0.50,16.4,1.11
2022-10-17,13.70,17.1,0.71
2022-10-18,1.40,16.8,1.24
2022-10-19,0.10,17.2,1.77
2022-10-20,4.50,17.4,1.68
2022-10-21,12.60,16.5,1.68
2022-10-22,0.00,16.1,1.73
2022-10-23,1.20,17.6,2.23
2022-10-24,0.70,16.4,2.49
2022-10-25,0.10,14.9,1.38
2022-10-26,2.20,17.1,1.77
2022-10-27,0.00,17.2,1.55
2022-10-28,0.00,18.7,2.07
2022-10-29,0.00,18.7,1.88
2022-10-30,0.30,14.6,1.05
2022-10-31,6.10,15.0,1.51
2022-11-01,0.60,14.2,2.11
2022-11-02,0.00,12.5,1.55
2022-11-03,6.70,12.0,0.89
2022-11-04,6.00,9.6,0.92
2022-11-05,0.20,8.6,0.68
2022-11-06,15.10,10.3,0.77
2022-11-07,0.00,13.0,1.24
2022-11-08,1.70,13.3,1.50
2022-11-09,1.20,12.5,1.10
2022-11-10,0.00,9.7,0.79
2022-11-11,0.00,8.7,0.70
2022-11-12,0.00,10.2,0.87
2022-11-13,0.00,9.0,0.75
2022-11-14,0.00,9.6,0.65
2022-11-15,6.50,10.8,0.47
2022-11-16,6.20,10.7,0.84
2022-11-17,1.30,11.7,1.56
2022-11-18,0.50,8.6,0.71
2022-11-19,0.40,6.9,0.74
2022-11-20,1.80,6.7,0.48
2022-11-21,6.40,7.2,0.38
2022-11-22,3.80,7.5,1.04
2022-11-23,2.80,7.9,0.69
2022-11-24,0.30,9.8,1.10
2022-11-25,3.90,9.1,0.67
2022-11-26,0.00,6.1,0.34
2022-11-27,6.80,7.5,0.42
2022-11-28,5.50,8.5,0.49
2022-11-29,1.60,6.3,0.32
2022-11-30,0.00,6.2,0.34
2022-12-01,0.00,5.1,0.40
2022-12-02,1.50,4.4,0.36
2022-12-03,0.10,3.2,0.45
2022-12-04,1.40,2.6,0.35
2022-12-05,2.40,2.2,0.23
2022-12-06,0.00,2.6,0.24
2022-12-07,0.00,1.6,0.25
2022-12-08,0.00,2.2,0.28
2022-12-09,0.00,1.2,0.29
2022-12-10,0.00,1.0,0.27
2022-12-11,0.00,-1.9,0.32
2022-12-12,0.30,-2.3,0.32
2022-12-13,0.00,-1.9,0.59
2022-12-14,3.60,-1.0,0.28
2022-12-15,0.00,-1.8,0.51
2022-12-16,0.00,-1.7,0.38
2022-12-17,0.00,-2.6,0.24
2022-12-18,3.60,-1.3,0.35
2022-12-19,6.50,7.6,0.68
2022-12-20,23.40,11.2,0.73
2022-12-21,15.50,10.1,0.29
2022-12-22,9.30,12.2,0.73
2022-12-23,6.80,12.9,0.57
2022-12-24,1.40,10.7,0.43
2022-12-25,2.70,11.1,0.42
2022-12-26,1.10,9.5,0.48
2022-12-27,0.00,5.7,0.45
2022-12-28,4.00,9.9,0.80
2022-12-29,1.10,9.9,0.89
2022-12-30,7.40,9.7,0.54
2022-12-31,0.00,15.1,2.08
2023-01-01,2.00,13.3,1.56
2023-01-02,7.40,10.5,0.66
2023-01-03,1.00,7.5,0.49
2023-01-04,3.40,11.5,0.57
2023-01-05,0.40,12.5,0.65
2023-01-06,0.00,11.1,0.71
2023-01-07,1.20,9.0,0.81
2023-01-08,4.40,9.2,0.74
2023-01-09,0.80,6.8,1.03
2023-01-10,3.00,6.8,0.44
2023-01-11,9.10,10.6,0.97
2023-01-12,0.60,10.8,1.31
2023-01-13,2.10,9.3,1.06
2023-01-14,8.50,10.4,0.60
2023-01-15,3.30,6.9,1.13
2023-01-16,9.20,5.0,0.58
2023-01-17,3.70,1.4,0.26
2023-01-18,0.10,1.1,0.61
2023-01-19,4.10,0.7,0.39
2023-01-20,0.20,1.5,0.59
2023-01-21,0.10,0.9,0.57
2023-01-22,0.00,0.2,0.56
2023-01-23,0.00,1.4,0.56
2023-01-24,0.00,1.1,0.41
2023-01-25,0.00,1.3,0.36
2023-01-26,0.60,1.8,0.24
2023-01-27,0.30,3.8,0.46
2023-01-28,0.00,2.2,0.61
2023-01-29,0.00,1.3,0.64
2023-01-30,0.00,5.3,0.51
2023-01-31,0.00,4.0,0.56
2023-02-01,0.00,7.4,1.07
2023-02-02,0.00,7.2,0.89
2023-02-03,0.00,8.2,0.84
2023-02-04,0.50,8.7,0.64
2023-02-05,0.10,6.6,0.93
2023-02-06,0.00,3.0,0.89
2023-02-07,0.00,1.7,0.88
2023-02-08,0.00,-0.4,0.94
2023-02-09,0.00,0.1,0.91
2023-02-10,0.00,4.6,0.58
2023-02-11,0.00,4.5,0.59
2023-02-12,0.00,7.1,0.66
2023-02-13,0.00,4.1,1.10
2023-02-14,0.00,3.8,0.94
2023-02-15,0.00,4.8,1.09
2023-02-16,1.30,7.5,0.79
2023-02-17,0.30,11.9,0.80
2023-02-18,0.10,10.7,1.16
2023-02-19,0.00,9.6,1.07
2023-02-20,0.00,5.7,1.09
2023-02-21,0.00,6.2,1.12
2023-02-22,5.50,8.3,0.50
2023-02-23,0.10,7.4,0.80
2023-02-24,0.00,6.5,1.05
2023-02-25,0.00,5.1,1.35
2023-02-26,0.00,1.9,1.88
2023-02-27,0.00,1.9,2.05
2023-02-28,0.00,1.3,1.52
2023-03-01,0.00,1.6,1.56
2023-03-02,0.00,2.6,1.49
2023-03-03,0.00,3.3,1.45
2023-03-04,0.00,2.8,0.99
2023-03-05,0.30,4.8,0.80
2023-03-06,0.60,4.7,1.09
2023-03-07,0.30,5.8,1.39
2023-03-08,18.00,9.7,1.20
2023-03-09,6.20,11.2,1.70
2023-03-10,1.90,7.9,1.17
2023-03-11,3.60,4.5,0.76
2023-03-12,4.10,10.5,1.50
2023-03-13,2.10,13.0,1.63
2023-03-14,5.40,8.4,1.79
2023-03-15,0.40,6.2,1.41
2023-03-16,0.00,9.7,2.37
2023-03-17,7.70,11.3,1.51
2023-03-18,5.10,11.1,1.71
2023-03-19,2.00,8.9,1.15
2023-03-20,0.00,7.8,1.27
2023-03-21,1.20,10.9,1.71
2023-03-22,8.10,10.6,1.16
2023-03-23,1.30,12.9,2.16
2023-03-24,1.80,12.3,2.64
2023-03-25,0.20,10.4,2.48
2023-03-26,7.00,9.3,1.83
2023-03-27,0.10,6.7,2.08
2023-03-28,0.60,6.8,1.68
2023-03-29,0.50,13.6,3.00
2023-03-30,3.10,13.8,2.74
2023-03-31,3.70,11.7,2.43
2023-04-01,2.60,10.3,2.12
2023-04-02,0.60,8.3,1.09
2023-04-03,0.00,7.5,2.61
2023-04-04,0.00,5.4,2.60
2023-04-05,0.00,6.5,2.81
2023-04-06,1.40,9.6,1.68
2023-04-07,0.40,9.0,2.55
2023-04-08,0.00,8.2,2.50
2023-04-09,0.00,9.7,2.87
2023-04-10,5.30,11.4,1.69
2023-04-11,5.80,10.2,1.86
2023-04-12,9.40,10.2,2.72
2023-04-13,5.10,8.0,2.39
2023-04-14,6.30,6.6,0.78
2023-04-15,11.50,8.9,1.31
2023-04-16,0.00,8.6,2.76
2023-04-17,0.10,8.2,1.80
2023-04-18,2.70,10.5,2.84
2023-04-19,0.00,12.2,3.32
2023-04-20,0.20,9.1,2.94
2023-04-21,0.50,7.3,2.68
2023-04-22,7.10,10.8,1.96
2023-04-23,6.00,11.1,1.80
2023-04-24,5.20,10.0,2.44
2023-04-25,0.90,8.4,1.83
2023-04-26,1.30,8.0,1.23
2023-04-27,1.20,12.5,2.50
2023-04-28,5.80,16.3,2.81
2023-04-29,0.20,12.2,2.19
2023-04-30,0.00,12.5,2.71
2023-05-01,3.70,12.3,2.48
2023-05-02,0.40,12.4,3.10
2023-05-03,0.00,13.0,4.07
2023-05-04,1.20,16.3,3.89
2023-05-05,4.20,14.8,2.64
2023-05-06,4.50,15.5,2.43
2023-05-07,18.00,15.2,2.11
2023-05-08,0.00,14.4,2.32
2023-05-09,17.00,13.9,1.12
2023-05-10,6.40,12.2,2.15
2023-05-11,6.10,12.0,2.82
2023-05-12,1.00,11.6,2.19
2023-05-13,12.20,14.4,3.64
2023-05-14,0.00,13.4,3.56
2023-05-15,4.80,11.4,1.74
2023-05-16,0.00,10.6,3.28
2023-05-17,0.10,11.3,3.28
2023-05-18,0.00,11.8,3.69
2023-05-19,0.00,13.3,4.24
2023-05-20,0.20,15.6,3.98
2023-05-21,0.00,16.6,4.19
2023-05-22,0.00,16.0,3.68
2023-05-23,0.10,14.6,3.32
2023-05-24,0.00,13.0,4.37
2023-05-25,0.00,15.1,4.67
2023-05-26,0.00,15.7,4.76
2023-05-27,0.00,17.3,4.98
2023-05-28,0.00,18.9,5.70
2023-05-29,0.00,18.0,5.48
2023-05-30,0.00,16.5,5.60
2023-05-31,0.00,18.7,5.95
2023-06-01,0.00,20.0,6.01
2023-06-02,0.00,15.1,4.99
2023-06-03,0.00,17.5,5.71
2023-06-04,0.00,19.4,6.62
2023-06-05,0.00,19.6,6.46
2023-06-06,0.00,19.1,5.51
2023-06-07,0.20,20.9,6.02
2023-06-08,0.00,21.1,5.86
2023-06-09,0.00,23.1,6.16
2023-06-10,0.50,22.7,4.55
2023-06-11,25.50,21.1,3.30
2023-06-12,1.00,21.0,4.52
2023-06-13,0.00,22.3,6.18
2023-06-14,0.00,21.9,6.18
2023-06-15,0.00,21.7,5.79
2023-06-16,0.00,22.3,5.91
2023-06-17,0.60,23.4,5.19
2023-06-18,2.80,23.2,4.60
2023-06-19,1.00,20.2,3.20
2023-06-20,1.70,21.3,3.73
2023-06-21,3.80,21.4,4.55
2023-06-22,19.40,19.6,2.78
2023-06-23,0.20,20.4,5.16
2023-06-24,0.00,21.7,5.62
2023-06-25,0.00,24.1,6.44
2023-06-26,0.00,19.6,5.18
2023-06-27,0.00,19.3,4.72
2023-06-28,0.80,20.5,3.62
2023-06-29,0.80,21.4,4.26
2023-06-30,0.40,19.6,5.17
2023-07-01,2.60,19.6,3.80
2023-07-02,0.00,18.9,5.17
2023-07-03,0.80,19.4,4.84
2023-07-04,4.00,17.8,3.32
2023-07-05,0.80,17.0,4.38
2023-07-06,0.10,18.9,4.61
2023-07-07,0.00,22.8,6.00
2023-07-08,0.40,26.2,6.45
2023-07-09,7.90,23.3,4.15
2023-07-10,0.00,23.0,6.04
2023-07-11,0.10,24.6,6.42
2023-07-12,3.60,21.0,5.29
2023-07-13,0.20,20.1,4.41
2023-07-14,0.40,22.7,6.85
2023-07-15,1.50,22.8,5.09
2023-07-16,0.00,20.2,5.97
2023-07-17,0.00,19.7,4.97
2023-07-18,0.00,21.5,5.38
2023-07-19,0.00,20.7,5.10
2023-07-20,0.00,19.8,4.13
2023-07-21,2.00,19.2,4.87
2023-07-22,0.00,19.6,5.11
2023-07-23,6.80,19.8,3.40
2023-07-24,14.10,19.3,3.84
2023-07-25,15.60,16.8,3.04
2023-07-26,0.20,17.5,4.14
2023-07-27,17.10,19.2,2.33
2023-07-28,7.90,20.0,2.21
2023-07-29,5.90,19.7,2.80
2023-07-30,0.10,18.6,3.80
2023-07-31,8.00,19.1,2.80
2023-08-01,2.40,18.5,3.54
2023-08-02,23.40,19.4,3.73
2023-08-03,5.50,16.9,2.16
2023-08-04,3.40,17.1,3.23
2023-08-05,6.40,15.8,2.37
2023-08-06,1.60,15.9,3.83
2023-08-07,0.30,16.5,3.76
2023-08-08,0.60,18.4,3.27
2023-08-09,0.00,19.2,2.65
2023-08-10,0.00,20.0,3.76
2023-08-11,3.30,21.5,3.71
2023-08-12,4.50,21.2,3.52
2023-08-13,0.00,19.3,3.44
2023-08-14,2.10,20.3,3.64
2023-08-15,0.70,20.2,3.45
2023-08-16,0.10,20.5,3.97
2023-08-17,0.80,21.9,4.26
2023-08-18,0.30,23.6,3.51
2023-08-19,7.00,23.6,3.13
2023-08-20,0.40,22.9,4.33
2023-08-21,0.00,21.5,4.37
2023-08-22,0.00,22.8,4.32
2023-08-23,0.00,24.0,4.56
2023-08-24,18.10,22.5,1.68
2023-08-25,23.20,20.2,1.98
2023-08-26,0.80,17.4,3.21
2023-08-27,1.10,16.1,3.25
2023-08-28,1.70,16.3,2.54
2023-08-29,1.00,15.9,2.94
2023-08-30,2.60,16.2,2.93
2023-08-31,16.20,15.5,1.21
2023-09-01,3.20,19.0,2.41
2023-09-02,1.60,21.1,3.69
2023-09-03,0.00,22.9,4.20
2023-09-04,0.00,22.6,4.43
2023-09-05,0.00,24.6,4.36
2023-09-06,0.00,24.4,4.27
2023-09-07,0.00,22.7,3.97
2023-09-08,0.00,25.5,4.44
2023-09-09,0.00,25.8,4.70
2023-09-10,0.00,26.3,5.06
2023-09-11,0.90,22.4,2.94
2023-09-12,20.80,18.7,1.03
2023-09-13,1.20,18.6,2.44
2023-09-14,0.10,18.6,2.73
2023-09-15,0.00,19.1,3.25
2023-09-16,0.00,19.1,2.40
2023-09-17,6.20,19.9,2.00
2023-09-18,10.10,18.8,2.49
2023-09-19,0.00,16.9,2.56
2023-09-20,0.00,19.8,3.27
2023-09-21,18.10,17.1,1.42
2023-09-22,8.30,13.2,1.72
2023-09-23,0.20,13.3,2.18
2023-09-24,0.00,13.5,2.73
2023-09-25,0.00,15.9,2.46
2023-09-26,0.00,17.5,2.10
2023-09-27,0.00,18.6,2.54
2023-09-28,0.00,18.8,2.65
2023-09-29,0.10,18.7,2.52
2023-09-30,0.00,15.1,2.10
2023-10-01,0.00,17.8,2.70
2023-10-02,0.00,19.3,2.92
2023-10-03,6.60,18.0,2.34
2023-10-04,0.00,13.7,1.86
2023-10-05,0.00,13.6,1.95
2023-10-06,0.00,13.9,2.25
2023-10-07,0.00,15.7,2.35
2023-10-08,0.00,17.3,2.52
2023-10-09,0.00,16.7,2.22
2023-10-10,0.00,17.8,2.93
2023-10-11,0.00,18.5,3.15
2023-10-12,5.00,19.0,1.89
2023-10-13,0.00,20.6,3.26
2023-10-14,1.10,13.8,1.74
2023-10-15,0.10,10.1,1.80
2023-10-16,0.00,8.2,1.82
2023-10-17,0.00,10.5,1.68
2023-10-18,7.80,15.2,0.93
2023-10-19,5.80,16.9,1.55
2023-10-20,12.40,14.8,1.01
2023-10-21,7.00,12.9,1.47
2023-10-22,2.70,12.7,1.55
2023-10-23,5.70,10.1,0.48
2023-10-24,2.10,12.5,1.36
2023-10-25,12.60,12.8,0.87
2023-10-26,15.00,13.1,0.88
2023-10-27,5.40,12.1,1.06
2023-10-28,8.60,12.3,1.00
2023-10-29,2.50,13.5,1.53
2023-10-30,8.60,11.6,0.44
2023-10-31,0.30,11.2,1.06
2023-11-01,2.20,12.1,1.00
2023-11-02,3.50,11.7,2.33
2023-11-03,0.30,8.0,1.00
2023-11-04,12.30,10.2,1.11
2023-11-05,1.80,11.3,1.61
2023-11-06,1.10,9.9,1.22
2023-11-07,0.90,9.1,1.13
2023-11-08,4.00,9.1,0.81
2023-11-09,9.30,10.2,0.96
2023-11-10,0.40,8.4,1.07
2023-11-11,0.50,7.5,0.82
2023-11-12,10.00,9.2,0.45
2023-11-13,8.30,14.3,0.75
2023-11-14,2.00,11.7,0.95
2023-11-15,1.40,10.3,0.83
2023-11-16,15.20,8.6,0.33
2023-11-17,1.40,8.0,0.70
2023-11-18,13.70,10.4,0.35
2023-11-19,1.60,13.4,1.18
2023-11-20,7.80,10.7,0.99
2023-11-21,0.60,9.6,0.48
2023-11-22,0.00,7.0,0.67
2023-11-23,0.00,10.2,0.53
2023-11-24,0.50,9.1,0.92
2023-11-25,0.00,4.2,0.76
2023-11-26,0.00,3.2,0.56
2023-11-27,6.20,6.2,0.42
2023-11-28,0.20,5.1,0.59
2023-11-29,0.00,3.9,0.53
2023-11-30,1.10,2.8,0.42
2023-12-01,0.00,2.1,0.39
2023-12-02,0.00,-0.8,0.51
2023-12-03,0.10,0.6,0.78
2023-12-04,14.10,5.6,0.89
2023-12-05,9.30,6.9,0.41
2023-12-06,0.10,4.8,0.43
2023-12-07,5.20,4.1,0.40
2023-12-08,5.80,7.0,0.28
2023-12-09,25.30,9.3,0.49
2023-12-10,1.80,10.0,0.88
2023-12-11,0.00,10.6,0.67
2023-12-12,6.40,10.5,0.49
2023-12-13,2.10,8.0,0.36
2023-12-14,0.30,7.3,0.54
2023-12-15,0.80,7.2,0.23
2023-12-16,0.00,5.0,0.49
2023-12-17,0.00,2.8,0.32
2023-12-18,0.00,1.9,0.23
2023-12-19,2.90,6.6,0.39
2023-12-20,0.30,7.7,0.56
2023-12-21,0.80,10.5,0.77
2023-12-22,1.10,10.0,1.04
2023-12-23,0.40,9.6,0.88
2023-12-24,0.20,10.0,0.88
2023-12-25,0.00,11.2,0.88
2023-12-26,0.40,10.5,0.68
2023-12-27,2.00,9.0,0.94
2023-12-28,0.20,10.2,0.71
2023-12-29,1.30,9.8,0.73
2023-12-30,0.10,9.3,0.50
2023-12-31,1.80,9.0,1.37
2024-01-01,2.10,7.6,0.99
2024-01-02,14.00,10.8,0.62
2024-01-03,2.10,9.8,0.88
2024-01-04,1.30,8.8,0.85
2024-01-05,0.00,6.9,0.71
2024-01-06,1.60,4.8,0.54
2024-01-07,0.10,3.0,0.45
2024-01-08,0.30,-1.8,0.71
2024-01-09,1.40,-2.1,0.62
2024-01-10,0.00,-2.3,0.49
2024-01-11,0.00,-1.5,0.69
2024-01-12,0.00,1.2,0.39
2024-01-13,0.00,-0.8,0.23
2024-01-14,0.00,-1.7,0.33
2024-01-15,0.40,1.1,0.64
2024-01-16,0.00,-1.4,0.55
2024-01-17,26.70,1.1,0.17
2024-01-18,7.20,-0.1,0.47
2024-01-19,0.00,-1.6,0.52
2024-01-20,0.00,-2.5,0.47
2024-01-21,0.10,3.6,0.89
2024-01-22,6.20,10.0,1.13
2024-01-23,0.50,8.8,0.61
2024-01-24,0.50,12.3,1.05
2024-01-25,1.10,10.9,0.51
2024-01-26,1.00,9.2,0.82
2024-01-27,0.00,2.5,0.59
2024-01-28,0.00,3.8,0.61
2024-01-29,0.00,8.1,0.76
2024-01-30,0.00,9.6,0.45
2024-01-31,0.00,6.8,0.68
2024-02-01,1.10,9.3,0.46
2024-02-02,0.00,6.1,0.51
2024-02-03,0.00,9.4,0.56
2024-02-04,0.00,9.7,0.86
2024-02-05,0.00,8.0,0.72
2024-02-06,0.00,9.6,1.22
2024-02-07,5.90,11.1,0.63
2024-02-08,7.40,11.9,0.69
2024-02-09,3.40,11.3,1.20
2024-02-10,7.40,7.8,0.36
2024-02-11,1.10,8.1,0.81
2024-02-12,0.80,6.2,0.80
2024-02-13,1.90,6.3,1.03
2024-02-14,0.50,11.3,0.75
2024-02-15,3.60,12.2,1.33
2024-02-16,4.40,12.0,0.72
2024-02-17,0.00,9.8,1.20
2024-02-18,6.20,8.8,0.55
2024-02-19,0.60,10.4,0.79
2024-02-20,0.00,8.3,0.84
2024-02-21,10.80,8.4,0.63
2024-02-22,15.60,11.1,0.97
2024-02-23,2.20,5.8,1.31
2024-02-24,3.60,4.9,1.08
2024-02-25,9.40,5.9,0.49
2024-02-26,8.50,6.8,0.44
2024-02-27,0.00,6.2,1.15
2024-02-28,0.00,5.8,1.10
2024-02-29,1.40,9.2,0.49
2024-03-01,5.20,7.2,0.95
2024-03-02,11.20,6.4,0.53
2024-03-03,3.20,5.8,0.86
2024-03-04,0.60,5.3,1.69
2024-03-05,7.50,6.8,1.11
2024-03-06,3.20,6.2,1.03
2024-03-07,0.00,6.2,1.72
2024-03-08,0.00,8.0,2.01
2024-03-09,4.60,9.0,1.56
2024-03-10,3.00,7.7,0.79
2024-03-11,1.60,7.4,1.36
2024-03-12,5.20,8.7,0.52
2024-03-13,0.00,11.3,1.36
2024-03-14,0.00,10.8,2.02
2024-03-15,6.90,12.9,1.77
2024-03-16,0.70,11.6,1.90
2024-03-17,4.60,11.2,0.77
2024-03-18,3.40,12.6,1.76
2024-03-19,0.00,11.4,2.23
2024-03-20,0.00,12.1,2.20
2024-03-21,0.00,12.3,2.48
2024-03-22,0.10,11.2,2.19
2024-03-23,8.30,7.5,1.82
2024-03-24,0.80,6.8,2.00
2024-03-25,0.00,7.2,2.21
2024-03-26,8.00,9.3,1.04
2024-03-27,1.30,7.9,1.70
2024-03-28,3.50,8.8,2.47
2024-03-29,8.20,10.3,1.56
2024-03-30,11.70,8.8,1.35
2024-03-31,2.40,9.6,1.73
2024-04-01,1.70,9.6,1.91
2024-04-02,0.50,10.4,2.07
2024-04-03,7.20,12.4,2.25
2024-04-04,10.80,14.1,2.65
2024-04-05,4.20,14.8,1.68
2024-04-06,0.00,16.9,3.75
2024-04-07,10.60,15.2,1.85
2024-04-08,8.30,14.3,2.60
2024-04-09,1.20,9.9,2.55
2024-04-10,0.00,9.8,2.70
2024-04-11,0.50,13.8,1.76
2024-04-12,0.00,15.6,3.09
2024-04-13,0.00,17.1,3.80
2024-04-14,0.00,14.0,2.73
2024-04-15,2.80,9.9,1.98
2024-04-16,2.80,9.0,2.63
2024-04-17,1.30,7.2,2.20
2024-04-18,0.70,7.1,2.30
2024-04-19,0.80,9.3,1.50
2024-04-20,0.10,6.8,2.10
2024-04-21,1.70,6.6,2.49
2024-04-22,0.60,6.4,2.57
2024-04-23,0.00,6.1,2.71
2024-04-24,1.20,7.5,2.20
2024-04-25,0.20,7.3,2.33
2024-04-26,3.00,9.5,2.19
2024-04-27,16.20,11.6,1.61
2024-04-28,3.90,11.9,2.84
2024-04-29,0.40,12.1,3.15
2024-04-30,5.20,13.8,2.21
2024-05-01,5.10,15.2,2.77
2024-05-02,7.40,11.7,1.36
2024-05-03,2.60,11.6,2.94
2024-05-04,0.70,10.6,2.52
2024-05-05,1.70,12.8,1.81
2024-05-06,3.50,13.3,3.12
2024-05-07,1.10,13.0,3.36
2024-05-08,0.00,12.1,2.70
2024-05-09,0.00,13.3,3.39
2024-05-10,0.00,16.0,4.44
2024-05-11,0.00,17.5,4.71
2024-05-12,8.30,17.9,3.47
2024-05-13,0.00,16.9,3.16
2024-05-14,17.10,14.6,1.19
2024-05-15,2.30,14.8,3.46
2024-05-16,3.20,14.5,3.76
2024-05-17,0.20,14.1,3.05
2024-05-18,7.10,15.0,3.48
2024-05-19,2.00,14.8,2.71
2024-05-20,10.50,15.4,3.53
2024-05-21,13.50,14.8,2.62
2024-05-22,3.90,14.7,3.20
2024-05-23,8.00,14.7,3.25
2024-05-24,3.20,14.0,3.27
2024-05-25,1.10,15.1,3.55
2024-05-26,3.60,16.6,3.48
2024-05-27,1.80,13.7,2.62
2024-05-28,2.00,13.4,1.34
2024-05-29,17.60,15.0,1.42
2024-05-30,6.00,13.6,2.32
2024-05-31,3.60,13.2,2.35
2024-06-01,2.40,13.4,1.63
2024-06-02,0.00,14.1,2.34
2024-06-03,0.00,14.2,3.52
2024-06-04,1.30,17.3,3.83
2024-06-05,0.40,15.8,2.87
2024-06-06,0.00,14.2,3.94
2024-06-07,0.00,14.4,4.52
2024-06-08,0.00,14.7,4.34
2024-06-09,0.00,14.5,4.44
2024-06-10,3.00,12.7,2.31
2024-06-11,0.40,12.2,3.66
2024-06-12,3.00,11.9,3.39
2024-06-13,0.70,14.5,3.84
2024-06-14,3.50,16.7,3.97
2024-06-15,1.70,14.6,3.34
2024-06-16,4.90,15.3,2.62
2024-06-17,7.70,17.4,3.34
2024-06-18,21.40,17.7,2.29
2024-06-19,1.80,17.5,2.82
2024-06-20,1.80,18.2,2.79
2024-06-21,18.60,17.6,2.78
2024-06-22,3.70,16.2,2.98
2024-06-23,0.00,16.6,4.25
2024-06-24,0.00,19.7,4.51
2024-06-25,0.00,22.2,4.79
2024-06-26,0.00,23.5,5.24
2024-06-27,0.20,22.8,4.84
2024-06-28,0.00,17.9,4.65
2024-06-29,31.80,17.1,2.95
2024-06-30,4.20,18.1,2.98
2024-07-01,1.40,17.4,3.65
2024-07-02,1.20,16.1,2.35
2024-07-03,0.20,15.6,2.75
2024-07-04,0.40,17.7,4.27
2024-07-05,0.10,18.1,4.41
2024-07-06,0.10,17.6,4.48
2024-07-07,0.10,15.7,3.93
2024-07-08,0.00,17.3,3.19
2024-07-09,2.60,20.2,3.55
2024-07-10,0.50,20.7,4.61
2024-07-11,0.30,19.5,3.83
2024-07-12,12.40,16.3,2.11
2024-07-13,3.20,16.3,3.20
2024-07-14,0.10,17.8,3.07
2024-07-15,1.10,20.0,4.15
2024-07-16,0.80,18.9,4.48
2024-07-17,0.00,19.1,4.12
2024-07-18,0.00,22.0,5.12
2024-07-19,0.20,24.6,4.94
2024-07-20,8.80,24.1,5.20
2024-07-21,6.40,21.1,3.57
2024-07-22,0.00,19.7,3.67
2024-07-23,1.90,20.2,3.79
2024-07-24,0.00,19.3,3.51
2024-07-25,0.00,22.4,4.80
2024-07-26,4.90,20.7,2.33
2024-07-27,8.00,18.5,1.34
2024-07-28,0.00,18.2,4.71
2024-07-29,0.00,21.7,4.99
2024-07-30,0.00,25.9,5.06
2024-07-31,7.10,25.0,3.89
2024-08-01,29.40,22.9,3.45
2024-08-02,2.70,22.0,4.48
2024-08-03,0.60,19.7,3.18
2024-08-04,0.00,19.8,3.88
2024-08-05,0.00,20.3,4.83
2024-08-06,0.00,22.0,5.05
2024-08-07,2.80,20.0,4.04
2024-08-08,0.10,21.1,3.91
2024-08-09,0.00,21.7,3.30
2024-08-10,0.00,21.5,4.49
2024-08-11,0.00,24.4,5.77
2024-08-12,0.00,27.8,6.01
2024-08-13,1.40,22.9,2.97
2024-08-14,8.90,21.9,3.05
2024-08-15,0.70,21.5,4.22
2024-08-16,0.10,21.2,3.14
2024-08-17,37.70,20.1,1.14
2024-08-18,6.40,17.6,2.98
2024-08-19,0.00,16.8,3.89
2024-08-20,16.20,18.1,2.55
2024-08-21,0.00,16.2,3.15
2024-08-22,0.00,17.9,4.51
2024-08-23,0.10,20.3,2.57
2024-08-24,2.90,21.4,4.36
2024-08-25,0.00,16.6,3.66
2024-08-26,0.00,17.8,3.58
2024-08-27,0.00,18.7,4.11
2024-08-28,0.00,21.4,4.62
2024-08-29,1.10,20.8,3.34
2024-08-30,13.20,17.4,1.52
2024-08-31,0.90,19.2,2.39
2024-09-01,0.20,22.4,3.71
2024-09-02,0.30,20.4,3.06
2024-09-03,7.50,19.3,2.04
2024-09-04,1.60,18.3,2.81
2024-09-05,29.20,15.9,1.08
2024-09-06,0.30,16.6,2.88
2024-09-07,6.20,18.4,2.09
2024-09-08,5.70,16.2,2.40
2024-09-09,1.00,16.3,1.77
2024-09-10,0.10,14.8,2.34
2024-09-11,4.70,14.4,2.47
2024-09-12,2.00,11.2,2.51
2024-09-13,1.90,11.3,2.26
2024-09-14,0.00,11.5,2.33
2024-09-15,0.00,12.1,2.76
2024-09-16,0.40,14.3,1.92
2024-09-17,0.00,15.7,2.54
2024-09-18,0.50,18.0,3.34
2024-09-19,0.00,19.2,4.08
2024-09-20,4.60,16.0,1.95
2024-09-21,0.50,17.3,2.49
2024-09-22,13.90,17.1,1.55
2024-09-23,8.80,15.3,1.78
2024-09-24,1.40,14.9,1.24
2024-09-25,16.00,14.4,0.83
2024-09-26,11.50,15.9,1.30
2024-09-27,1.50,12.9,2.06
2024-09-28,0.70,10.5,1.76
2024-09-29,0.00,9.5,1.54
2024-09-30,0.40,14.6,1.62
2024-10-01,0.10,13.9,2.03
2024-10-02,1.60,13.2,1.38
2024-10-03,0.10,11.4,1.58
2024-10-04,0.00,9.8,1.70
2024-10-05,0.00,10.4,2.13
2024-10-06,4.20,12.8,0.78
2024-10-07,11.80,15.7,0.97
2024-10-08,0.50,15.6,2.10
2024-10-09,55.70,14.4,0.52
2024-10-10,1.30,12.9,1.26
2024-10-11,0.00,9.5,1.60
2024-10-12,1.80,11.6,1.03
2024-10-13,0.00,11.9,1.52
2024-10-14,0.10,14.4,1.53
2024-10-15,0.20,15.2,1.12
2024-10-16,6.00,19.0,2.25
2024-10-17,12.50,16.6,0.55
2024-10-18,7.70,14.3,0.72
2024-10-19,2.70,13.4,0.79
2024-10-20,0.70,14.8,0.98
2024-10-21,1.60,16.7,1.33
2024-10-22,0.00,12.5,1.35
2024-10-23,0.00,10.4,1.22
2024-10-24,0.00,11.6,1.28
2024-10-25,2.00,14.6,1.15
2024-10-26,5.10,14.4,0.85
2024-10-27,2.80,14.2,0.60
2024-10-28,0.00,13.2,0.89
2024-10-29,0.00,11.0,0.67
2024-10-30,0.00,12.3,0.78
2024-10-31,0.00,12.0,0.87
2024-11-01,0.00,10.7,0.53
2024-11-02,0.70,10.8,0.65
2024-11-03,0.00,10.1,0.81
2024-11-04,0.00,9.3,0.71
2024-11-05,0.00,9.3,0.42
2024-11-06,0.00,10.5,0.59
2024-11-07,0.00,11.0,0.54
2024-11-08,0.00,9.4,0.49
2024-11-09,0.00,10.3,0.65
2024-11-10,0.50,10.2,0.39
2024-11-11,0.50,8.7,0.63
2024-11-12,2.10,8.5,0.80
2024-11-13,0.00,7.5,0.66
2024-11-14,0.00,7.9,0.60
2024-11-15,0.10,8.7,0.66
2024-11-16,0.00,7.3,0.72
2024-11-17,1.00,7.2,0.41
2024-11-18,4.30,8.6,0.32
2024-11-19,24.40,10.4,0.47
2024-11-20,3.10,4.2,0.72
2024-11-21,10.40,0.8,0.17
2024-11-22,0.60,0.8,0.51
2024-11-23,0.00,4.8,0.92
2024-11-24,0.00,14.9,2.66
2024-11-25,8.80,13.1,1.36
2024-11-26,3.40,8.6,0.60
2024-11-27,8.70,10.3,0.49
2024-11-28,0.00,6.5,0.57
2024-11-29,0.00,3.6,0.58
2024-11-30,0.00,2.9,0.41
2024-12-01,0.00,5.7,0.36
2024-12-02,0.50,10.3,0.62
2024-12-03,1.00,5.7,0.40
2024-12-04,0.00,4.5,0.28
2024-12-05,3.40,7.5,0.33
2024-12-06,2.30,9.2,0.94
2024-12-07,7.80,8.8,0.87
2024-12-08,5.60,7.2,0.55
2024-12-09,1.30,5.5,0.50
2024-12-10,0.20,5.2,0.41
2024-12-11,0.00,4.9,0.38
2024-12-12,0.00,3.9,0.30
2024-12-13,0.00,2.0,0.28
2024-12-14,0.10,1.9,0.28
2024-12-15,0.00,6.0,0.32
2024-12-16,0.00,9.2,0.36
2024-12-17,0.00,7.0,0.29
2024-12-18,1.40,10.2,0.58
2024-12-19,4.50,9.0,0.79
2024-12-20,0.10,4.9,0.57
2024-12-21,4.80,8.4,0.37
2024-12-22,18.70,6.7,0.65
2024-12-23,0.10,5.9,1.01
2024-12-24,1.10,6.8,0.23
2024-12-25,0.00,9.4,0.24
2024-12-26,0.00,7.0,0.39
2024-12-27,0.00,2.0,0.41
2024-12-28,0.00,0.5,0.18
2024-12-29,0.00,2.5,0.23
2024-12-30,0.10,3.1,0.25
2024-12-31,0.00,3.6,0.34
2025-01-01,0.00,6.1,0.49
2025-01-02,22.70,4.4,0.25
2025-01-03,0.00,0.4,0.44
2025-01-04,5.20,-0.7,0.46
2025-01-05,14.10,9.4,0.60
2025-01-06,1.60,9.7,1.18
2025-01-07,4.00,5.0,0.88
2025-01-08,15.90,6.0,0.25
2025-01-09,5.40,6.3,0.48
2025-01-10,0.40,3.4,0.38
2025-01-11,0.00,0.9,0.31
2025-01-12,0.00,1.5,0.30
2025-01-13,0.00,0.5,0.52
2025-01-14,0.00,-1.4,0.47
2025-01-15,0.20,2.2,0.22
2025-01-16,0.00,3.4,0.36
2025-01-17,0.00,0.8,0.33
2025-01-18,0.00,0.5,0.27
2025-01-19,0.10,-0.3,0.26
2025-01-20,0.10,-0.5,0.29
2025-01-21,0.00,0.2,0.42
2025-01-22,13.80,4.8,0.28
2025-01-23,3.10,6.1,0.64
2025-01-24,4.70,9.3,0.92
2025-01-25,11.20,9.8,0.56
2025-01-26,3.20,5.0,0.62
2025-01-27,3.60,9.7,1.23
2025-01-28,4.50,7.9,0.93
2025-01-29,9.70,7.2,0.47
2025-01-30,3.70,6.1,0.49
2025-01-31,4.80,2.3,0.29
2025-02-01,0.00,2.2,0.76
2025-02-02,0.00,1.2,0.74
2025-02-03,0.00,1.3,0.46
2025-02-04,0.00,1.3,0.43
2025-02-05,0.00,4.5,0.47
2025-02-06,0.20,3.3,0.49
2025-02-07,0.90,3.9,0.67
2025-02-08,2.20,5.7,0.75
2025-02-09,5.40,4.7,0.54
2025-02-10,8.50,4.2,0.33
2025-02-11,0.00,4.1,0.57
2025-02-12,0.40,3.3,0.41
2025-02-13,0.10,4.5,0.82
2025-02-14,0.00,1.6,0.97
2025-02-15,0.00,0.6,0.82
2025-02-16,0.00,1.7,1.00
2025-02-17,0.00,1.8,1.03
2025-02-18,0.00,2.8,1.19
2025-02-19,0.00,4.9,0.88
2025-02-20,1.50,9.6,0.62
2025-02-21,0.10,12.0,1.14
2025-02-22,6.00,10.7,0.89
2025-02-23,0.00,8.9,1.59
2025-02-24,3.10,10.3,0.85
2025-02-25,18.30,8.0,0.34
2025-02-26,2.60,7.0,1.21
2025-02-27,0.40,6.0,1.27
2025-02-28,0.50,5.0,1.08
2025-03-01,0.00,3.7,1.01
2025-03-02,0.00,4.5,1.53
2025-03-03,0.00,4.7,1.59
2025-03-04,0.00,5.7,1.40
2025-03-05,0.00,7.6,1.84
2025-03-06,0.00,9.2,2.09
2025-03-07,0.00,10.6,2.11
2025-03-08,0.00,11.6,2.38
2025-03-09,0.00,12.1,1.86
2025-03-10,3.30,10.6,0.89
2025-03-11,0.50,7.1,1.10
2025-03-12,2.30,4.9,0.94
2025-03-13,1.60,4.4,1.24
2025-03-14,0.70,3.1,1.10
2025-03-15,0.20,3.8,1.46
2025-03-16,0.00,5.8,1.60
2025-03-17,0.00,5.8,2.17
2025-03-18,0.00,6.5,2.33
2025-03-19,0.00,10.2,2.45
2025-03-20,0.00,11.5,2.54
2025-03-21,2.10,13.5,2.48
2025-03-22,10.00,12.7,1.58
2025-03-23,1.10,9.9,1.52
2025-03-24,0.50,10.8,2.01
2025-03-25,0.00,10.4,1.76
2025-03-26,0.40,10.1,1.48
2025-03-27,0.00,8.8,2.46
2025-03-28,2.10,7.8,1.23
2025-03-29,1.50,8.9,2.59
2025-03-30,0.10,9.7,1.87
2025-03-31,0.00,9.1,2.56
2025-04-01,0.00,9.0,3.00
2025-04-02,0.00,10.9,3.30
2025-04-03,0.00,13.5,3.24
2025-04-04,0.10,15.6,3.59
2025-04-05,0.00,15.6,3.83
2025-04-06,0.00,12.7,3.71
2025-04-07,0.00,10.1,3.52
2025-04-08,0.00,11.2,3.38
2025-04-09,0.00,12.1,3.71
2025-04-10,0.00,10.8,3.32
2025-04-11,0.00,13.5,3.85
2025-04-12,3.00,14.2,3.21
2025-04-13,3.00,14.0,2.59
2025-04-14,0.00,13.3,2.87
2025-04-15,2.60,14.0,2.49
2025-04-16,0.00,10.9,2.45
2025-04-17,0.00,11.5,2.80
2025-04-18,0.00,12.3,3.77
2025-04-19,2.80,13.5,3.32
2025-04-20,5.20,12.9,2.49
2025-04-21,4.30,11.9,1.73
2025-04-22,0.40,12.1,2.68
2025-04-23,9.30,11.0,1.84
2025-04-24,1.10,12.1,2.56
2025-04-25,0.50,11.4,1.99
2025-04-26,0.20,13.3,3.45
2025-04-27,0.30,15.3,3.70
2025-04-28,0.00,16.7,4.52
2025-04-29,0.00,18.9,5.29
2025-04-30,0.00,21.1,5.32
2025-05-01,0.00,22.1,5.66
2025-05-02,0.00,22.5,5.17
2025-05-03,9.20,19.1,3.68
2025-05-04,1.20,12.4,3.18
2025-05-05,0.00,10.2,3.09
2025-05-06,0.20,11.1,3.35
2025-05-07,0.00,11.8,2.94
2025-05-08,0.10,13.2,3.81
2025-05-09,0.00,14.7,4.45
2025-05-10,0.00,17.0,5.16
2025-05-11,4.50,17.7,4.29
2025-05-12,1.70,15.7,3.13
2025-05-13,6.90,15.4,3.17
2025-05-14,0.10,17.9,4.63
2025-05-15,0.00,13.9,4.05
2025-05-16,0.00,14.3,4.83
2025-05-17,0.00,13.7,3.37
2025-05-18,0.00,14.7,4.41
2025-05-19,0.00,16.2,5.14
2025-05-20,0.00,19.1,5.80
2025-05-21,13.70,14.3,1.66
2025-05-22,1.40,13.3,3.85
2025-05-23,0.00,13.4,4.33
2025-05-24,0.40,14.2,2.45
2025-05-25,2.00,16.6,3.03
2025-05-26,0.00,14.5,3.09
2025-05-27,0.00,15.8,2.76
2025-05-28,3.20,16.7,3.16
2025-05-29,0.00,18.0,3.89
2025-05-30,0.00,22.1,5.51
2025-05-31,4.60,22.1,3.93
2025-06-01,8.50,19.0,4.08
2025-06-02,0.90,17.9,4.16
2025-06-03,0.00,18.9,5.70
2025-06-04,2.00,16.3,2.42
2025-06-05,7.50,15.6,2.09
2025-06-06,6.70,17.0,3.74
2025-06-07,3.40,16.1,3.33
2025-06-08,4.30,15.2,3.74
2025-06-09,0.00,16.3,4.29
2025-06-10,0.00,18.1,4.94
2025-06-11,0.00,20.8,5.77
2025-06-12,0.10,24.5,6.18
2025-06-13,6.80,26.2,5.86
2025-06-14,0.90,23.0,4.43
2025-06-15,0.10,19.3,3.49
2025-06-16,0.00,19.6,5.46
2025-06-17,0.00,22.8,5.48
2025-06-18,0.00,23.1,6.31
2025-06-19,0.00,24.8,6.96
2025-06-20,0.00,25.7,6.57
2025-06-21,0.00,27.7,6.71
2025-06-22,0.00,26.1,6.27
2025-06-23,0.00,21.6,4.54
2025-06-24,0.00,21.9,6.11
2025-06-25,2.30,25.8,5.71
2025-06-26,7.00,22.2,4.42
2025-06-27,1.40,23.2,3.98
2025-06-28,0.00,24.4,4.84
2025-06-29,0.00,24.7,5.83
2025-06-30,0.00,28.2,6.21
2025-07-01,0.00,31.9,7.13
2025-07-02,3.10,26.3,6.16
2025-07-03,0.00,21.2,6.16
2025-07-04,0.00,21.4,6.17
2025-07-05,0.00,21.5,5.85
2025-07-06,29.40,17.1,1.73
2025-07-07,22.80,16.1,2.19
2025-07-08,2.30,16.4,3.93
2025-07-09,0.00,17.9,4.78
2025-07-10,0.00,20.8,5.10
2025-07-11,0.00,23.7,6.27
2025-07-12,0.00,23.8,5.25
2025-07-13,0.10,25.2,6.14
2025-07-14,8.50,22.8,5.19
2025-07-15,1.20,20.8,4.59
2025-07-16,2.60,20.3,2.58
2025-07-17,0.40,21.2,3.75
2025-07-18,0.00,25.1,5.70
2025-07-19,1.80,23.9,4.84
2025-07-20,19.00,19.6,2.78
2025-07-21,15.00,18.1,2.85
2025-07-22,0.10,18.8,3.66
2025-07-23,11.10,18.0,2.69
2025-07-24,28.20,17.3,2.52
2025-07-25,1.30,19.6,4.29
2025-07-26,0.00,20.2,4.45
2025-07-27,7.80,18.2,2.98
2025-07-28,1.20,18.0,4.02
2025-07-29,1.00,17.9,3.39
2025-07-30,5.30,18.9,3.24
2025-07-31,0.60,19.6,3.87
2025-08-01,1.00,18.9,3.64
2025-08-02,0.20,17.1,3.52
2025-08-03,0.00,18.4,4.48
2025-08-04,0.00,22.0,3.52
2025-08-05,5.90,19.9,4.74
2025-08-06,0.00,18.0,4.32
2025-08-07,0.00,21.9,5.23
2025-08-08,0.00,22.2,4.75
2025-08-09,0.00,21.7,5.13
2025-08-10,0.00,20.9,5.16
2025-08-11,0.00,24.3,5.94
2025-08-12,0.00,27.4,6.26
2025-08-13,0.00,27.2,4.22
2025-08-14,0.00,25.9,5.20
2025-08-15,0.00,24.1,5.56
2025-08-16,0.00,23.3,5.21
2025-08-17,0.00,21.3,5.07
2025-08-18,0.00,22.2,5.06
2025-08-19,0.00,22.5,3.53
2025-08-20,4.30,19.6,1.95
2025-08-21,0.80,18.6,3.82
2025-08-22,0.00,16.9,3.41
2025-08-23,0.00,17.5,3.51
2025-08-24,0.00,18.4,4.15
2025-08-25,0.00,20.7,4.45
2025-08-26,0.00,22.6,4.60
2025-08-27,0.20,22.3,4.46
2025-08-28,0.60,19.9,3.65
2025-08-29,3.60,17.0,2.27
2025-08-30,0.20,17.5,2.76
2025-08-31,6.10,18.6,1.78
2025-09-01,4.10,16.7,2.75
2025-09-02,5.20,15.4,1.44
2025-09-03,0.70,19.4,2.89
2025-09-04,2.90,17.5,2.62
2025-09-05,0.90,16.5,2.71
2025-09-06,0.00,17.5,3.78
2025-09-07,0.00,21.2,3.97
2025-09-08,0.00,19.8,3.16
2025-09-09,0.00,17.5,3.08
2025-09-10,5.40,16.1,2.37
2025-09-11,4.10,15.7,2.55
2025-09-12,0.60,15.4,3.20
2025-09-13,10.60,15.0,1.85
2025-09-14,0.20,16.2,1.00
2025-09-15,1.00,18.0,3.27
2025-09-16,0.10,15.1,2.40
2025-09-17,0.00,16.5,2.49
2025-09-18,0.00,18.1,2.98
2025-09-19,0.00,20.6,3.79
2025-09-20,9.70,20.8,1.65
2025-09-21,0.90,15.5,1.93
2025-09-22,1.10,12.7,2.52
2025-09-23,7.30,11.6,1.44
2025-09-24,9.90,10.6,0.65
2025-09-25,1.40,10.6,0.76
2025-09-26,0.40,11.2,1.02
2025-09-27,0.30,11.9,1.48
2025-09-28,0.00,12.9,2.24
2025-09-29,0.00,13.9,2.09
2025-09-30,0.00,13.5,2.22
2025-10-01,0.00,13.1,2.09
2025-10-02,0.00,12.8,2.06
2025-10-03,3.70,13.1,0.90
2025-10-04,8.10,15.0,2.05
2025-10-05,0.00,12.4,2.26
2025-10-06,0.20,12.6,1.25
2025-10-07,0.00,13.2,1.83
2025-10-08,0.00,12.7,1.26
2025-10-09,0.10,14.5,1.57
2025-10-10,0.00,12.8,1.14
2025-10-11,0.00,13.7,1.74
2025-10-12,0.00,12.8,1.83
2025-10-13,0.10,12.8,1.10
2025-10-14,0.00,13.7,1.69
2025-10-15,0.20,12.7,1.23
2025-10-16,0.00,12.4,1.18
2025-10-17,0.00,12.3,1.57
2025-10-18,0.00,11.2,1.74
2025-10-19,2.50,11.6,0.77
2025-10-20,4.40,14.9,1.26
2025-10-21,0.90,14.1,1.36
2025-10-22,2.60,13.8,0.77
2025-10-23,4.60,12.3,1.32
2025-10-24,1.30,9.1,1.52
2025-10-25,3.40,10.6,1.22
2025-10-26,0.20,8.9,1.46
2025-10-27,3.40,11.8,1.43
2025-10-28,0.00,12.4,1.06
2025-10-29,9.40,12.0,0.80
2025-10-30,0.00,10.6,1.15
2025-10-31,0.00,11.6,1.10
2025-11-01,5.80,13.8,0.83
2025-11-02,1.20,11.1,1.07
2025-11-03,0.00,11.1,0.85
2025-11-04,0.00,12.1,1.19
2025-11-05,0.00,13.4,1.43
2025-11-06,4.10,13.0,0.42
2025-11-07,0.20,11.8,0.63
2025-11-08,0.60,10.9,0.31
2025-11-09,0.00,9.2,0.64
2025-11-10,1.50,9.3,0.62
2025-11-11,0.00,11.3,0.66
2025-11-12,0.00,11.5,1.05
2025-11-13,0.00,14.5,1.23
2025-11-14,2.10,15.5,1.12
2025-11-15,24.40,12.1,0.41
2025-11-16,0.10,9.8,0.41
2025-11-17,1.20,6.6,0.69
2025-11-18,0.00,3.7,0.67
2025-11-19,3.60,5.6,0.55
2025-11-20,0.50,2.5,0.56
2025-11-21,0.30,1.7,0.36
2025-11-22,0.00,-0.6,0.41
2025-11-23,16.70,3.2,0.18
2025-11-24,1.60,7.1,0.58
2025-11-25,0.80,5.9,0.60
2025-11-26,0.20,4.7,0.53
2025-11-27,0.00,5.1,0.31
2025-11-28,10.60,9.0,0.23
2025-11-29,5.50,9.5,0.29
2025-11-30,0.20,6.4,0.51
2025-12-01,0.00,4.6,0.57
2025-12-02,0.40,8.0,0.86
2025-12-03,0.00,7.8,0.43
2025-12-04,2.30,6.4,0.28
2025-12-05,1.50,3.7,0.45
2025-12-06,2.20,9.7,0.70
2025-12-07,9.20,12.4,0.39
2025-12-08,1.20,14.2,0.71
2025-12-09,0.30,11.8,0.90
2025-12-10,0.30,12.0,0.39
2025-12-11,0.20,7.6,0.22
2025-12-12,0.00,9.6,0.31
2025-12-13,0.00,8.2,0.22
2025-12-14,0.00,6.6,0.21
2025-12-15,0.00,7.5,0.47
2025-12-16,0.00,10.1,0.53
2025-12-17,0.00,8.4,0.46
2025-12-18,0.00,10.7,1.09
2025-12-19,5.70,10.5,0.41
2025-12-20,2.30,8.1,0.23
2025-12-21,15.80,9.5,0.24
2025-12-22,0.20,9.1,0.36
2025-12-23,0.00,5.1,0.30
2025-12-24,0.00,3.3,0.89
2025-12-25,0.10,-0.1,0.68
2025-12-26,0.00,-0.7,0.38
2025-12-27,0.00,-0.0,0.39
2025-12-28,0.00,0.1,0.26
2025-12-29,0.00,-0.8,0.43
2025-12-30,0.00,2.2,0.49
2025-12-31,0.00,-0.0,0.36
